address,city,country,district,division_keys,end_date,event_code,event_type,event_type_string,first_event_code,first_event_id,gmaps_place_id,gmaps_url,key,lat,lng,location_name,name,parent_event_key,playoff_type,playoff_type_string,postal_code,short_name,start_date,state_prov,timezone,webcasts,website,week,year
"7555 Falconridge Blvd NE #10, Calgary, AB T3J 0C9, Canada",Calgary,Canada,,[],2022-03-19,abca,0,Regional,ABCA,,ChIJWxy6PJljcVMRpVrD88vyEdY,https://maps.google.com/?cid=15425377156502608549,2022abca,51.1202633,-113.9486288,The Genesis Centre,Canadian Rockies Regional,,,,T3J 0C9,Canadian Rockies,2022-03-16,AB,America/Edmonton,[],http://frcwest.com/,2.0,2022
"700 Monroe St SW, Huntsville, AL 35801, USA",Huntsville,USA,,[],2022-04-09,alhu,0,Regional,ALHU,,ChIJBwUw_FdrYogRMsP0V0W5Zqk,"https://maps.google.com/?q=700+Monroe+St+SW,+Huntsville,+AL+35801,+USA&ftid=0x88626b57fc300507:0xa966b94557f4c332",2022alhu,34.72671,-86.5903795,700 Monroe St SW,Rocket City Regional,,,,35801,Rocket City,2022-04-06,AL,America/Chicago,"[{'channel': 'firstinspires5', 'type': 'twitch'}, {'channel': 'firstinspires6', 'type': 'twitch'}]",http://firstinalabama.org/events/frc-events/,5.0,2022
"915 E Market Ave, Searcy, AR 72149, USA",Searcy,USA,,[],2022-04-02,arli,0,Regional,ARLI,,ChIJs9qADaip04cREIQZoDzxZ-8,https://maps.google.com/?cid=17251022140352332816,2022arli,35.245152,-91.7235465,Harding University,Arkansas Regional presented by Harding University and Searcy A & P,,,,72149,Arkansas,2022-03-31,AR,America/Chicago,"[{'channel': 'firstinspires11', 'type': 'twitch'}, {'channel': 'firstinspires12', 'type': 'twitch'}]",http://www.firstinspires.org,4.0,2022
"Corner Crown &, Harbour St, Wollongong NSW 2500, Australia",Wollongong,Australia,,[],2022-03-13,ausc,0,Regional,AUSC,,ChIJMSjO5KsZE2sRVXaji5QvQ-s,https://maps.google.com/?cid=16952445737397089877,2022ausc,-34.4265113,150.9024458,WIN Sports & Entertainment Centres,Southern Cross Regional,,,,2500,Southern Cross,2022-03-11,NSW,Australia/Sydney,"[{'channel': 'firstinspires31', 'type': 'twitch'}]",https://firstaustralia.org/,1.0,2022
"Walkup Skydome, 1701 S San Francisco St, Flagstaff, AZ 86011, USA",Flagstaff,USA,,[],2022-03-12,azfl,0,Regional,AZFL,,ChIJ7QLRa3CPLYcRKv6uQlLwt1Y,https://maps.google.com/?q=Walkup+Skydome&ftid=0x872d8f706bd102ed:0x56b7f05242aefe2a,2022azfl,35.1805057,-111.6528193,Walkup Skydome,Arizona North Regional,,,,86011,Arizona North,2022-03-09,AZ,America/Phoenix,"[{'channel': 'firstinspires13', 'type': 'twitch'}, {'channel': 'firstinspires14', 'type': 'twitch'}]",https://www.nau.edu/robotics,1.0,2022
"6935 E Gold Dust Ave, Scottsdale, AZ 85253, USA",Scottsdale,USA,,[],2022-03-19,azva,0,Regional,AZVA,,ChIJO1C9IL50K4cRRyF73ovK87c,https://maps.google.com/?cid=13255160830363377991,2022azva,33.576638,-111.932348,Chaparral High School,Arizona Valley Regional,,,,85253,Arizona Valley,2022-03-16,AZ,America/Phoenix,"[{'channel': 'firstinspires10', 'type': 'twitch'}, {'channel': 'firstinspires9', 'type': 'twitch'}]",,2.0,2022
"1925 Blanshard St, Victoria, BC V8T 4J2, Canada",Victoria,Canada,,[],2022-03-05,bcvi,0,Regional,BCVI,,ChIJHeSUMoF0j1QRH6fYHVSdDEQ,"https://maps.google.com/?q=1925+Blanshard+St,+Victoria,+BC+V8T+4J2,+Canada&ftid=0x548f74813294e41d:0x440c9d541dd8a71f",2022bcvi,48.4316374,-123.3607382,1925 Blanshard St,Canadian Pacific Regional,,,,V8T 4J2,Canadian Pacific,2022-03-03,BC,America/Vancouver,"[{'channel': 'firstinspires7', 'type': 'twitch'}, {'channel': 'firstinspires8', 'type': 'twitch'}]",https://firstroboticsbc.org/frc/,0.0,2022
"3200 E Ave J 8, Lancaster, CA 93535, USA",Lancaster,USA,,[],2022-04-09,caav,0,Regional,CAAV,,ChIJO46bMf9QwoAREu-kYkFiNzw,"https://maps.google.com/?q=3200+E+Ave+J+8,+Lancaster,+CA+93535,+USA&ftid=0x80c250ff319b8e3b:0x3c37624162a4ef12",2022caav,34.6814866,-118.0710237,3200 E Ave J 8,Aerospace Valley Regional,,,,93535,Aerospace Valley,2022-04-06,CA,America/Los_Angeles,"[{'channel': 'firstinspires17', 'type': 'twitch'}, {'channel': 'firstinspires18', 'type': 'twitch'}]",https://cafirst.org/frc/aerospacevalley/,5.0,2022
"1 Shields Ave, Davis, CA 95616, USA",Davis,USA,,[],2022-03-26,cada,0,Regional,CADA,,ChIJP_qJdH_T6oARNIN-CCS7v-w,https://maps.google.com/?cid=17059559676938453812,2022cada,38.5382322,-121.7617125,"University of California, Davis",Sacramento Regional,,,,95616,Sacramento,2022-03-23,CA,America/Los_Angeles,"[{'channel': 'firstinspires15', 'type': 'twitch'}, {'channel': 'firstinspires16', 'type': 'twitch'}]",https://cafirst.org/frc/sacramento/,3.0,2022
"848 M St, Fresno, CA 93721, USA",Fresno,USA,,[],2022-04-02,cafr,0,Regional,CAFR,,ChIJGUsCoSFelIAR8KziPQT42wE,"https://maps.google.com/?q=848+M+St,+Fresno,+CA+93721,+USA&ftid=0x80945e21a1024b19:0x1dbf8043de2acf0",2022cafr,36.7351518,-119.7848543,848 M St,Central Valley Regional,,,,93721,Central Valley,2022-03-30,CA,America/Los_Angeles,"[{'channel': 'firstinspires17', 'type': 'twitch'}, {'channel': 'firstinspires18', 'type': 'twitch'}]",https://cafirst.org/frc/centralvalley/,4.0,2022
"201 N Douglas St, El Segundo, CA 90245, USA",El Segundo,USA,,[],2022-04-03,cala,0,Regional,CALA,,ChIJtyOEq6-2woAR5zs5AB0tXM4,"https://maps.google.com/?q=201+N+Douglas+St,+El+Segundo,+CA+90245,+USA&ftid=0x80c2b6afab8423b7:0xce5c2d1d00393be7",2022cala,33.9177728,-118.3839861,201 N Douglas St,Los Angeles Regional,,,,90245,Los Angeles,2022-03-31,CA,America/Los_Angeles,"[{'channel': 'firstinspires19', 'type': 'twitch'}, {'channel': 'firstinspires20', 'type': 'twitch'}]",https://cafirst.org/frc/losangeles/,4.0,2022
"2200 Noche Buena St, Seaside, CA 93955, USA",Seaside,USA,,[],2022-03-26,camb,0,Regional,CAMB,,ChIJjb65H5TkjYARmGxcaE-4tT8,"https://maps.google.com/?q=2200+Noche+Buena+St,+Seaside,+CA+93955,+USA&ftid=0x808de4941fb9be8d:0x3fb5b84f685c6c98",2022camb,36.62471439999999,-121.8379019,2200 Noche Buena St,Monterey Bay Regional,,,,93955,Monterey Bay,2022-03-23,CA,America/Los_Angeles,"[{'channel': 'firstinspires17', 'type': 'twitch'}, {'channel': 'firstinspires18', 'type': 'twitch'}]",https://cafirst.org/frc/montereybay/,3.0,2022
"88 Fair Dr, Costa Mesa, CA 92626, USA",Costa Mesa,USA,,[],2022-03-12,caoc,0,Regional,CAOC,,ChIJcQ_mwgzf3IAResPJ9Lc03R8,https://maps.google.com/?cid=2296049349719343994,2022caoc,33.6657383,-117.9027196,OC Fair & Event Center,Orange County Regional,,,,92626,Orange County,2022-03-09,CA,America/Los_Angeles,"[{'channel': 'firstinspires15', 'type': 'twitch'}, {'channel': 'firstinspires16', 'type': 'twitch'}]",https://cafirst.org/frc/orangecounty/,1.0,2022
"Port Hueneme, CA, USA",Port Hueneme,USA,,[],2022-03-06,caph,0,Regional,CAPH,,ChIJKcrafwBL6IARVHqFVcI6M0g,"https://maps.google.com/?q=Port+Hueneme,+CA,+USA&ftid=0x80e84b007fdaca29:0x48333ac255857a54",2022caph,34.1477829,-119.1951074,Port Hueneme,Hueneme Port Regional,,,,,Hueneme Port,2022-03-03,CA,America/Los_Angeles,"[{'channel': 'firstinspires10', 'type': 'twitch'}, {'channel': 'firstinspires9', 'type': 'twitch'}]",https://cafirst.org/frc/hueneme/,0.0,2022
"2260 Jimmy Durante Blvd, Del Mar, CA 92014, USA",Del Mar,USA,,[],2022-03-20,casd,0,Regional,CASD,,ChIJKyE3QtAI3IAR1X-HHQ3ZKTg,"https://maps.google.com/?q=2260+Jimmy+Durante+Blvd,+Del+Mar,+CA+92014,+USA&ftid=0x80dc08d04237212b:0x3829d90d1d877fd5",2022casd,32.9755894,-117.2583342,2260 Jimmy Durante Blvd,San Diego Regional presented by Qualcomm,,,,92014,San Diego,2022-03-17,CA,America/Los_Angeles,"[{'channel': 'firstinspires11', 'type': 'twitch'}, {'channel': 'firstinspires12', 'type': 'twitch'}]",https://cafirst.org/frc/sandiego/,2.0,2022
"2001 37th Ave, San Francisco, CA 94116, USA",San Francisco,USA,,[],2022-03-20,casf,0,Regional,CASF,,ChIJw6OmIH59j4ARmZxLOcZz2iw,"https://maps.google.com/?q=2001+37th+Ave,+San+Francisco,+CA+94116,+USA&ftid=0x808f7d7e20a6a3c3:0x2cda73c6394b9c99",2022casf,37.7485985,-122.495988,2001 37th Ave,San Francisco Regional,,,,94116,San Francisco,2022-03-17,CA,America/Los_Angeles,"[{'channel': 'firstinspires13', 'type': 'twitch'}, {'channel': 'firstinspires14', 'type': 'twitch'}]",https://cafirst.org/frc/sanfrancisco/,2.0,2022
"290 S 7th St, San Jose, CA 95112, USA",San Jose,USA,,[],2022-04-10,casj,0,Regional,CASJ,,ChIJxclO9LjMj4ARnm8rZDR-fHs,https://maps.google.com/?cid=8898125727261224862,2022casj,37.3352087,-121.8800984,Provident Credit Union Event Center,Silicon Valley Regional,,,,95112,Silicon Valley,2022-04-07,CA,America/Los_Angeles,"[{'channel': 'firstinspires19', 'type': 'twitch'}, {'channel': 'firstinspires20', 'type': 'twitch'}]",https://cafirst.org/frc/siliconvalley/,5.0,2022
"Port Hueneme, CA, USA",Port Hueneme,USA,,[],2022-03-12,cave,0,Regional,CAVE,,ChIJKcrafwBL6IARVHqFVcI6M0g,"https://maps.google.com/?q=Port+Hueneme,+CA,+USA&ftid=0x80e84b007fdaca29:0x48333ac255857a54",2022cave,34.1477829,-119.1951074,Port Hueneme,Ventura County Regional,,,,,Ventura County,2022-03-09,CA,America/Los_Angeles,"[{'channel': 'firstinspires17', 'type': 'twitch'}, {'channel': 'firstinspires18', 'type': 'twitch'}]",https://cafirst.org/frc/ventura/,1.0,2022
"1000 Coliseum Dr, Hampton, VA 23666, USA",Hampton,USA,"{'abbreviation': 'chs', 'display_name': 'FIRST Chesapeake', 'key': '2022chs', 'year': 2022}",[],2022-04-09,chcmp,2,District Championship,CHCMP,,ChIJ90XYx0aDuokRU2s8--JvXPs,https://maps.google.com/?cid=18112474822045625171,2022chcmp,37.034728,-76.38132,Hampton Coliseum,FIRST Chesapeake District Championship sponsored by Newport News Shipbuilding,,,,23666,Chesapeake,2022-04-06,VA,America/New_York,[],https://www.firstchesapeake.org/,5.0,2022
"1001 Avenida De Las Americas, Houston, TX 77010, USA",Houston,USA,,[],2022-04-23,cmptx,4,Championship Finals,CMPTX,,ChIJgw3vTiK_QIYRsMwBp668_Lo,"https://maps.google.com/?q=1001+Avenida+De+Las+Americas,+Houston,+TX+77010,+USA&ftid=0x8640bf224eef0d83:0xbafcbcaea701ccb0",2022cmptx,29.7520006,-95.3576434,1001 Avenida De Las Americas,FIRST Championship - FIRST Robotics Competition,,,,77010,{} (Houston),2022-04-20,TX,America/Chicago,[],https://www.firstchampionship.org,,2022
"Nagel Art Studios, 2201 E Asbury Ave, Denver, CO 80210, USA",Denver,USA,,[],2022-03-26,code,0,Regional,CODE,,ChIJNyftAUB-bIcR1eAaresojMg,https://maps.google.com/?q=Nagel+Art+Studios&ftid=0x876c7e4001ed2737:0xc88c28ebad1ae0d5,2022code,39.6811846,-104.9622956,Nagel Art Studios,Colorado Regional,,,,80210,Colorado,2022-03-23,CO,America/Denver,"[{'channel': 'firstinspires13', 'type': 'twitch'}, {'channel': 'firstinspires14', 'type': 'twitch'}]",https://coloradofirst.org,3.0,2022
"Hartford, CT, USA",Hartford,USA,"{'abbreviation': 'ne', 'display_name': 'New England', 'key': '2022ne', 'year': 2022}",[],2022-04-10,cthar,1,District,CTHAR,,ChIJpVER8hFT5okRmVl96ahKjsw,"https://maps.google.com/?q=Hartford,+CT,+USA&ftid=0x89e65311f21151a5:0xcc8e4aa8e97d5999",2022cthar,41.7658043,-72.6733723,Hartford,NE District Hartford Event,,,,,Hartford,2022-04-08,CT,America/New_York,[],http://www.nefirst.org/,5.0,2022
"568 Bucks Hill Rd, Waterbury, CT 06704, USA",Waterbury,USA,"{'abbreviation': 'ne', 'display_name': 'New England', 'key': '2022ne', 'year': 2022}",[],2022-03-13,ctwat,1,District,CTWAT,,ChIJh-MgNHC_54kR8ehj394xybM,https://maps.google.com/?cid=12954940636408310001,2022ctwat,41.604199,-73.0265679,Wilby High School,NE District Waterbury Event,,,,06704,Waterbury,2022-03-11,CT,America/New_York,[],http://www.nefirst.org/,1.0,2022
"Washington, DC, USA",Washington,USA,"{'abbreviation': 'chs', 'display_name': 'FIRST Chesapeake', 'key': '2022chs', 'year': 2022}",[],2022-03-05,dc305,1,District,DC305,,ChIJW-T2Wt7Gt4kRKl2I1CJFUsI,"https://maps.google.com/?q=Washington,+DC,+USA&ftid=0x89b7c6de5af6e45b:0xc2524522d4885d2a",2022dc305,38.9071923,-77.0368707,Washington,CHS District Greater DC Event #1 Day 1,,,,,Greater DC #1 Day 1,2022-03-05,DC,America/New_York,"[{'channel': 'firstchesapeake', 'type': 'twitch'}]",https://www.firstchesapeake.org/,0.0,2022
"Washington, DC, USA",Washington,USA,"{'abbreviation': 'chs', 'display_name': 'FIRST Chesapeake', 'key': '2022chs', 'year': 2022}",[],2022-03-06,dc306,1,District,DC306,,ChIJW-T2Wt7Gt4kRKl2I1CJFUsI,"https://maps.google.com/?q=Washington,+DC,+USA&ftid=0x89b7c6de5af6e45b:0xc2524522d4885d2a",2022dc306,38.9071923,-77.0368707,Washington,CHS District Greater DC Event #1 Day 2,,,,,Greater DC #1 Day 2,2022-03-06,DC,America/New_York,"[{'channel': 'firstchesapeake', 'type': 'twitch'}]",https://www.firstchesapeake.org/,0.0,2022
"Washington, DC, USA",Washington,USA,"{'abbreviation': 'chs', 'display_name': 'FIRST Chesapeake', 'key': '2022chs', 'year': 2022}",[],2022-03-12,dc312,1,District,DC312,,ChIJW-T2Wt7Gt4kRKl2I1CJFUsI,"https://maps.google.com/?q=Washington,+DC,+USA&ftid=0x89b7c6de5af6e45b:0xc2524522d4885d2a",2022dc312,38.9071923,-77.0368707,Washington,CHS District Greater DC Event #2 Day 1,,,,,Greater DC #2 Day 1,2022-03-12,DC,America/New_York,[],https://www.firstchesapeake.org/,1.0,2022
"Washington, DC, USA",Washington,USA,"{'abbreviation': 'chs', 'display_name': 'FIRST Chesapeake', 'key': '2022chs', 'year': 2022}",[],2022-03-13,dc313,1,District,DC313,,ChIJW-T2Wt7Gt4kRKl2I1CJFUsI,"https://maps.google.com/?q=Washington,+DC,+USA&ftid=0x89b7c6de5af6e45b:0xc2524522d4885d2a",2022dc313,38.9071923,-77.0368707,Washington,CHS District Greater DC Event #2 Day 2,,,,,Greater DC #2 Day 2,2022-03-13,DC,America/New_York,[],https://www.firstchesapeake.org/,1.0,2022
"Washington, DC, USA",Washington,USA,"{'abbreviation': 'chs', 'display_name': 'FIRST Chesapeake', 'key': '2022chs', 'year': 2022}",[],2022-03-19,dc319,1,District,DC319,,ChIJW-T2Wt7Gt4kRKl2I1CJFUsI,"https://maps.google.com/?q=Washington,+DC,+USA&ftid=0x89b7c6de5af6e45b:0xc2524522d4885d2a",2022dc319,38.9071923,-77.0368707,Washington,CHS District Greater DC Event #4 Day 1,,,,,Greater DC #4 Day 1,2022-03-19,DC,America/New_York,[],https://www.firstchesapeake.org/,2.0,2022
"Washington, DC, USA",Washington,USA,"{'abbreviation': 'chs', 'display_name': 'FIRST Chesapeake', 'key': '2022chs', 'year': 2022}",[],2022-03-20,dc320,1,District,DC320,,ChIJW-T2Wt7Gt4kRKl2I1CJFUsI,"https://maps.google.com/?q=Washington,+DC,+USA&ftid=0x89b7c6de5af6e45b:0xc2524522d4885d2a",2022dc320,38.9071923,-77.0368707,Washington,CHS District Greater DC Event #4 Day 2,,,,,Greater DC #4 Day 2,2022-03-20,DC,America/New_York,[],https://www.firstchesapeake.org/,2.0,2022
"Washington, DC, USA",Washington,USA,"{'abbreviation': 'chs', 'display_name': 'FIRST Chesapeake', 'key': '2022chs', 'year': 2022}",[],2022-03-26,dc326,1,District,DC326,,ChIJW-T2Wt7Gt4kRKl2I1CJFUsI,"https://maps.google.com/?q=Washington,+DC,+USA&ftid=0x89b7c6de5af6e45b:0xc2524522d4885d2a",2022dc326,38.9071923,-77.0368707,Washington,CHS District Greater DC Event #3 Day 1,,,,,Greater DC #3 Day 1,2022-03-26,DC,America/New_York,[],https://www.firstchesapeake.org/,3.0,2022
"Washington, DC, USA",Washington,USA,"{'abbreviation': 'chs', 'display_name': 'FIRST Chesapeake', 'key': '2022chs', 'year': 2022}",[],2022-03-27,dc327,1,District,DC327,,ChIJW-T2Wt7Gt4kRKl2I1CJFUsI,"https://maps.google.com/?q=Washington,+DC,+USA&ftid=0x89b7c6de5af6e45b:0xc2524522d4885d2a",2022dc327,38.9071923,-77.0368707,Washington,CHS District Greater DC Event #3 Day 2,,,,,Greater DC #3 Day 2,2022-03-27,DC,America/New_York,[],https://www.firstchesapeake.org/,3.0,2022
"12777 Gemini Blvd N, Orlando, FL 32816, USA",Orlando,USA,,[],2022-03-12,flor,0,Regional,FLOR,,ChIJ3_gwt1po54gRoA1jiTOccCw,https://maps.google.com/?cid=3202231080222657952,2022flor,28.607225,-81.19736689999999,Addition Arena,Orlando Regional,,,,32816,Orlando,2022-03-09,FL,America/New_York,"[{'channel': 'firstinspires5', 'type': 'twitch'}, {'channel': 'firstinspires6', 'type': 'twitch'}]",http://orlandofrc.org,1.0,2022
"1800 Wahnish Way, Tallahassee, FL 32310, USA",Tallahassee,USA,,[],2022-03-19,flta,0,Regional,FLTA,,ChIJK3ETakD17IgRk_Lp4OTqaTs,https://maps.google.com/?cid=4281211189539238547,2022flta,30.4242136,-84.29055319999999,Alfred Lawson Jr. Multipurpose Center,Tallahassee Regional,,,,32310,Tallahassee,2022-03-16,FL,America/New_York,"[{'channel': 'firstinspires3', 'type': 'twitch'}, {'channel': 'firstinspires4', 'type': 'twitch'}]",,2.0,2022
"650 Okeechobee Blvd, West Palm Beach, FL 33401, USA",West Palm Beach,USA,,[],2022-03-05,flwp,0,Regional,FLWP,,ChIJy8PRcV7W2IgRqhvEHtEo_9I,https://maps.google.com/?cid=15203915745655528362,2022flwp,26.7051944,-80.0574645,Palm Beach County Convention Center,South Florida Regional,,,,33401,South Florida,2022-03-02,FL,America/New_York,"[{'channel': 'firstinspires1', 'type': 'twitch'}, {'channel': 'firstinspires2', 'type': 'twitch'}]",http://soflofrc.firstinflorida.org/,0.0,2022
"100 W Oglethorpe Blvd, Albany, GA 31701, USA",Albany,USA,"{'abbreviation': 'pch', 'display_name': 'Peachtree', 'key': '2022pch', 'year': 2022}",[],2022-04-02,gaalb,1,District,GAALB,,ChIJHffx_Xl58ogRIq4NwBcCZjQ,"https://maps.google.com/?q=100+W+Oglethorpe+Blvd,+Albany,+GA+31701,+USA&ftid=0x88f27979fdf1f71d:0x34660217c00dae22",2022gaalb,31.5744809,-84.14839839999999,100 W Oglethorpe Blvd,PCH District Albany Event,,,,31701,Albany,2022-03-31,GA,America/New_York,[],http://www.gafirst.org,4.0,2022
"1601 Maple St, Carrollton, GA 30117, USA",Carrollton,USA,"{'abbreviation': 'pch', 'display_name': 'Peachtree', 'key': '2022pch', 'year': 2022}",[],2022-03-26,gacar,1,District,GACAR,,ChIJGxpOKHwvi4gRYEj9ZPtfwFg,"https://maps.google.com/?q=1601+Maple+St,+Carrollton,+GA+30117,+USA&ftid=0x888b2f7c284e1a1b:0x58c05ffb64fd4860",2022gacar,33.5715066,-85.10335599999999,1601 Maple St,PCH District Carrollton Event,,,,30117,Carrollton,2022-03-24,GA,America/New_York,[],http://gafirst.org/,3.0,2022
"University Center, 1400 Coleman Ave, Macon, GA 31207, USA",Macon,USA,"{'abbreviation': 'pch', 'display_name': 'Peachtree', 'key': '2022pch', 'year': 2022}",[],2022-04-09,gacmp,2,District Championship,GACMP,,ChIJixsAPZ7-84gRMKJOn8A2mkE,https://maps.google.com/?cid=4727150959813108272,2022gacmp,32.8288941,-83.6518573,Hawkins Arena,Peachtree District State Championship,,,,31207,Peachtree District,2022-04-07,GA,America/New_York,[],http://www.gafirst.org,5.0,2022
"4225 University Ave, Columbus, GA 31907, USA",Columbus,USA,"{'abbreviation': 'pch', 'display_name': 'Peachtree', 'key': '2022pch', 'year': 2022}",[],2022-03-19,gacol,1,District,GACOL,,ChIJhbidUrXMjIgRa3kOYe3yxKQ,https://maps.google.com/?cid=11872881619004979563,2022gacol,32.5043615,-84.94017769999999,Frank G. Lumpkin Jr. Center,PCH District Columbus Event,,,,31907,Columbus,2022-03-17,GA,America/New_York,[],http://www.gafirst.org,2.0,2022
"2211 Tony Ingle Parkway, Dalton, GA 30720, USA",Dalton,USA,"{'abbreviation': 'pch', 'display_name': 'Peachtree', 'key': '2022pch', 'year': 2022}",[],2022-03-12,gadal,1,District,GADAL,,ChIJrUGxJksLYIgRDbZ6E1rb5gc,https://maps.google.com/?cid=569383582829295117,2022gadal,34.75926949999999,-85.0054479,Dalton Convention Center,PCH District Dalton Event,,,,30720,Dalton,2022-03-10,GA,America/New_York,[],http://www.gafirst.org,1.0,2022
"1355 Lower Campus Rd, Honolulu, HI 96822, USA",Honolulu,USA,,[],2022-04-02,hiho,0,Regional,HIHO,,ChIJ8QSZn5ttAHwRe5_SpBQdDS4,https://maps.google.com/?cid=3318340474943741819,2022hiho,21.2942686,-157.8189199,Stan Sheriff Center,Hawaii Regional,,,,96822,Hawaii,2022-03-30,HI,Pacific/Honolulu,"[{'channel': 'firstinspires30', 'type': 'twitch'}, {'channel': 'firstinspires32', 'type': 'twitch'}]",https://hawaiifirstrobotics.org/,4.0,2022
"2501 Hudson Rd, Cedar Falls, IA 50614, USA",Cedar Falls,USA,,[],2022-03-26,iacf,0,Regional,IACF,,ChIJRSeCkvD_74cRHneV5VLNLQY,https://maps.google.com/?cid=445237694102337310,2022iacf,42.514366,-92.467185,McLeod Center,Iowa Regional,,,,50614,Iowa,2022-03-23,IA,America/Chicago,"[{'channel': 'firstinspires10', 'type': 'twitch'}, {'channel': 'firstinspires9', 'type': 'twitch'}]",http://iafirst.org/,3.0,2022
"16200 N Idaho Center Blvd, Nampa, ID 83687, USA",Nampa,USA,,[],2022-04-02,idbo,0,Regional,IDBO,,ChIJ4c6VK3hNrlQRIleoGwNXkf4,"https://maps.google.com/?q=16200+N+Idaho+Center+Blvd,+Nampa,+ID+83687,+USA&ftid=0x54ae4d782b95cee1:0xfe9157031ba85722",2022idbo,43.6081417,-116.5075369,16200 N Idaho Center Blvd,Idaho Regional,,,,83687,Idaho,2022-03-30,ID,America/Boise,"[{'channel': 'firstinspires13', 'type': 'twitch'}, {'channel': 'firstinspires14', 'type': 'twitch'}]",https://idahofrcregional.org/,4.0,2022
"525 S Racine Ave, Chicago, IL 60607, USA",Chicago,USA,,[],2022-04-09,ilch,0,Regional,ILCH,,ChIJycjqEuAsDogRqIProVv3fG8,https://maps.google.com/?cid=8033567808252773288,2022ilch,41.8748298,-87.6562537,Credit Union 1 Arena,Midwest Regional,,,,60607,Midwest,2022-04-06,IL,America/Chicago,"[{'channel': 'firstinspires7', 'type': 'twitch'}, {'channel': 'firstinspires8', 'type': 'twitch'}]",https://www.firstillinoisrobotics.org/frc/events/midwest-regional/,5.0,2022
"1501 W Bradley Ave, Peoria, IL 61625, USA",Peoria,USA,,[],2022-03-19,ilpe,0,Regional,ILPE,,ChIJgR_ZrUdZCogRj1gzkhkaNfY,https://maps.google.com/?cid=17741115004225280143,2022ilpe,40.6977743,-89.6153484,Bradley University,Central Illinois Regional,,,,61625,Central Illinois,2022-03-16,IL,America/Chicago,"[{'channel': 'firstinspires5', 'type': 'twitch'}, {'channel': 'firstinspires6', 'type': 'twitch'}]",http://www.firstillinoisrobotics.org/frc/events/central-illinois-regional/,2.0,2022
"5500 Wabash Ave, Terre Haute, IN 47803, USA",Terre Haute,USA,"{'abbreviation': 'fin', 'display_name': 'FIRST Indiana Robotics', 'key': '2022fin', 'year': 2022}",[],2022-04-16,incmp,2,District Championship,INCMP,,ChIJNzdwG0JubYgRpOFaMIB2RJY,https://maps.google.com/?cid=10827909697044668836,2022incmp,39.4833474,-87.32413489999999,Rose-Hulman Institute of Technology,FIRST Indiana State Championship,,,,47803,Indiana,2022-04-14,IN,America/Indiana/Indianapolis,[],https://www.firstindianarobotics.org/,6.0,2022
"230 S Marr Rd, Columbus, IN 47201, USA",Columbus,USA,"{'abbreviation': 'fin', 'display_name': 'FIRST Indiana Robotics', 'key': '2022fin', 'year': 2022}",[],2022-03-20,incol,1,District,INCOL,,ChIJE-mg8giha4gR2R0dh_4mlrM,"https://maps.google.com/?q=230+S+Marr+Rd,+Columbus,+IN+47201,+USA&ftid=0x886ba108f2a0e913:0xb39626fe871d1dd9",2022incol,39.1951678,-85.8861986,230 S Marr Rd,FIN District Columbus Event presented by Toyota,,0.0,,47201,Columbus,2022-03-18,IN,America/Indiana/Indianapolis,[],https://www.firstindianarobotics.org/,2.0,2022
"3431 County Rd N 400 W, Kokomo, IN 46901, USA",Kokomo,USA,"{'abbreviation': 'fin', 'display_name': 'FIRST Indiana Robotics', 'key': '2022fin', 'year': 2022}",[],2022-03-06,inkok,1,District,INKOK,,ChIJQ0dxywSBFIgRh2qSEBGB2u4,"https://maps.google.com/?q=3431+County+Rd+N+400+W,+Kokomo,+IN+46901,+USA&ftid=0x88148104cb714743:0xeeda811110926a87",2022inkok,40.5254429,-86.2058431,3431 County Rd N 400 W,FIN District Kokomo Event presented by AndyMark,,,,46901,Kokomo,2022-03-04,IN,America/Indiana/Indianapolis,"[{'channel': 'firstinrobotics', 'type': 'twitch'}]",https://www.firstindianarobotics.org/,0.0,2022
"1801 S 18th St, Lafayette, IN 47905, USA",Lafayette,USA,"{'abbreviation': 'fin', 'display_name': 'FIRST Indiana Robotics', 'key': '2022fin', 'year': 2022}",[],2022-03-26,inwla,1,District,INWLA,,ChIJleMLLQ4dE4gRkv1d_ZOambA,"https://maps.google.com/?q=1801+S+18th+St,+Lafayette,+IN+47905,+USA&ftid=0x88131d0e2d0be395:0xb0999a93fd5dfd92",2022inwla,40.3985594,-86.87487899999999,1801 S 18th St,FIN District Tippecanoe Event,,,,47905,Tippecanoe,2022-03-24,IN,America/Indiana/Indianapolis,[],https://www.firstindianarobotics.org/,3.0,2022
"Derech David Banbanishty 1, Jerusalem, Israel",Jerusalem,Israel,"{'abbreviation': 'isr', 'display_name': 'FIRST Israel', 'key': '2022isr', 'year': 2022}",[],2022-03-29,iscmp,2,District Championship,ISCMP,,ChIJRwz67IzXAhURrs_CnaeJ2kQ,https://maps.google.com/?cid=4961429292501356462,2022iscmp,31.75131799999999,35.1941643,Pais Arena,FIRST Israel District Championship,,,,,Israel,2022-03-27,Jerusalem District,Asia/Jerusalem,"[{'channel': 'firstinspires26', 'type': 'twitch'}]",http://firstisrael.org.il,3.0,2022
"Ha-Palmakh St 2, Ra'anana, Israel",Ra'anana,Israel,"{'abbreviation': 'isr', 'display_name': 'FIRST Israel', 'key': '2022isr', 'year': 2022}",[],2022-03-08,isde1,1,District,ISDE1,,ChIJowasimU4HRURm0EgIcpHD_0,https://maps.google.com/?cid=18234872349711155611,2022isde1,32.1899657,34.87720060000001,Mor Metro-West High School,ISR District Event #1,,0.0,,,ISR #1,2022-03-06,Center District,Asia/Jerusalem,"[{'channel': 'firstinspires26', 'type': 'twitch'}, {'channel': 'firstinspires26 ', 'type': 'twitch'}]",http://firstisrael.org.il,0.0,2022
"Ha-Palmakh St 2, Ra'anana, Israel",Ra'anana,Israel,"{'abbreviation': 'isr', 'display_name': 'FIRST Israel', 'key': '2022isr', 'year': 2022}",[],2022-03-10,isde2,1,District,ISDE2,,ChIJowasimU4HRURm0EgIcpHD_0,https://maps.google.com/?cid=18234872349711155611,2022isde2,32.1899657,34.87720060000001,Mor Metro-West High School,ISR District Event #2,,,,,ISR #2,2022-03-08,Center District,Asia/Jerusalem,"[{'channel': 'firstinspires26', 'type': 'twitch'}]",http://firstisrael.org.il,1.0,2022
"Ha-Palmakh St 2, Ra'anana, Israel",Ra'anana,Israel,"{'abbreviation': 'isr', 'display_name': 'FIRST Israel', 'key': '2022isr', 'year': 2022}",[],2022-03-22,isde3,1,District,ISDE3,,ChIJowasimU4HRURm0EgIcpHD_0,https://maps.google.com/?cid=18234872349711155611,2022isde3,32.1899657,34.87720060000001,Mor Metro-West High School,ISR District Event #3,,,,,ISR #3,2022-03-20,Center District,Asia/Jerusalem,"[{'channel': 'firstinspires26', 'type': 'twitch'}]",http://firstisrael.org.il,2.0,2022
"Ha-Palmakh St 2, Ra'anana, Israel",Ra'anana,Israel,"{'abbreviation': 'isr', 'display_name': 'FIRST Israel', 'key': '2022isr', 'year': 2022}",[],2022-03-24,isde4,1,District,ISDE4,,ChIJowasimU4HRURm0EgIcpHD_0,https://maps.google.com/?cid=18234872349711155611,2022isde4,32.1899657,34.87720060000001,Mor Metro-West High School,ISR District Event #4,,,,,ISR #4,2022-03-22,Center District,Asia/Jerusalem,"[{'channel': 'firstinspires26', 'type': 'twitch'}]",http://firstisrael.org.il,3.0,2022
"Binyamina-Giv'at Ada, Israel",Binyamina-Giv'at Ada,Israel,,[],2022-02-25,ispr,100,Preseason,,,ChIJ-2czvl4JHRURi0Np0w2VdOc,https://maps.google.com/?cid=16678119206673793931,2022ispr,32.5497727,34.95497450000001,Cramim school Binyamin a givat ada,Pregional,,0.0,,,,2022-02-24,Haifa District,Asia/Jerusalem,"[{'channel': 'firstupdatesnow', 'type': 'twitch'}]",https://www.1690orbit.com/pregional,,2022
"1640 E 151st St, Olathe, KS 66062, USA",Olathe,USA,,[],2022-03-19,ksla,0,Regional,KSLA,,ChIJd7AeU2a-wIcRtSn25IzBD-A,"https://maps.google.com/?q=1640+E+151st+St,+Olathe,+KS+66062,+USA&ftid=0x87c0be66531eb077:0xe00fc18ce4f629b5",2022ksla,38.8560038,-94.7927867,1640 E 151st St,Heartland Regional,,,,66062,Heartland,2022-03-16,KS,America/Chicago,"[{'channel': 'firstinspires7', 'type': 'twitch'}, {'channel': 'firstinspires8', 'type': 'twitch'}]",http://www.kcfirst.org,2.0,2022
"4545 Williams Blvd, Kenner, LA 70065, USA",Kenner,USA,,[],2022-04-02,lake,0,Regional,LAKE,,ChIJeT46CcG2IIYRfi5u_M_UdKw,"https://maps.google.com/?q=4545+Williams+Blvd,+Kenner,+LA+70065,+USA&ftid=0x8620b6c1093a3e79:0xac74d4cffc6e2e7e",2022lake,30.0394171,-90.240738,4545 Williams Blvd,Bayou Regional presented by Entergy,,,,70065,Bayou,2022-03-30,LA,America/Chicago,"[{'channel': 'firstinspires3', 'type': 'twitch'}, {'channel': 'firstinspires4', 'type': 'twitch'}]",http://www.frcbayouregional.org,4.0,2022
"101 School St, Revere, MA 02151, USA",Revere,USA,"{'abbreviation': 'ne', 'display_name': 'New England', 'key': '2022ne', 'year': 2022}",[],2022-03-27,mabos,1,District,MABOS,,ChIJcQSqZuRx44kRuoFVbwk1chk,https://maps.google.com/?cid=1833586312932065722,2022mabos,42.4119567,-71.0093032,Revere High School,NE District Greater Boston Event,,,,02151,Greater Boston,2022-03-25,MA,America/New_York,[],http://www.nefirst.org/,3.0,2022
"64 Holden St, Shrewsbury, MA 01545, USA",Shrewsbury,USA,"{'abbreviation': 'ne', 'display_name': 'New England', 'key': '2022ne', 'year': 2022}",[],2022-03-27,macma,1,District,MACMA,,ChIJaVeE1BAI5IkRLwzriH_NoTY,"https://maps.google.com/?q=64+Holden+St,+Shrewsbury,+MA+01545,+USA&ftid=0x89e40810d4845769:0x36a1cd7f88eb0c2f",2022macma,42.3033429,-71.7447321,64 Holden St,NE District Central Mass Event,,,,01545,Central Mass,2022-03-25,MA,America/New_York,[],https://nefirst.org/,3.0,2022
"62 Oakland Rd, Reading, MA 01867, USA",Reading,USA,"{'abbreviation': 'ne', 'display_name': 'New England', 'key': '2022ne', 'year': 2022}",[],2022-03-20,marea,1,District,MAREA,,ChIJYwnSKGYL44kR1sKtYa8Fa0c,"https://maps.google.com/?q=62+Oakland+Rd,+Reading,+MA+01867,+USA&ftid=0x89e30b6628d20963:0x476b05af61adc2d6",2022marea,42.53460860000001,-71.10908049999999,62 Oakland Rd,NE District North Shore Event,,,,01867,North Shore,2022-03-18,MA,America/New_York,[],http://www.nefirst.org/,2.0,2022
"1215 Wilbraham Rd, Springfield, MA 01119, USA",Springfield,USA,"{'abbreviation': 'ne', 'display_name': 'New England', 'key': '2022ne', 'year': 2022}",[],2022-03-20,mawne,1,District,MAWNE,,ChIJ_XuXOuDn5okRNmyT7z8zJTA,https://maps.google.com/?cid=3469235437654207542,2022mawne,42.11607600000001,-72.5198801,Western New England University,NE District Western NE Event,,,,01119,Western NE,2022-03-18,MA,America/New_York,[],https://nefirst.org/,2.0,2022
"100 Institute Rd, Worcester, MA 01609, USA",Worcester,USA,"{'abbreviation': 'ne', 'display_name': 'New England', 'key': '2022ne', 'year': 2022}",[],2022-04-10,mawor,1,District,MAWOR,,ChIJdzY3EFkG5IkRrW3cc4Yhw8Y,https://maps.google.com/?cid=14322328101321469357,2022mawor,42.2743015,-71.8081371,Worcester Polytechnic Institute,NE District WPI Event,,,,01609,WPI,2022-04-08,MA,America/New_York,[],https://nefirst.org/,5.0,2022
"180 W River Rd, Waterville, ME 04901, USA",Waterville,USA,"{'abbreviation': 'ne', 'display_name': 'New England', 'key': '2022ne', 'year': 2022}",[],2022-03-13,melew,1,District,MELEW,,ChIJ0USAS7vksUwRZVo_LgrCSrg,https://maps.google.com/?cid=13279639800236694117,2022melew,44.52476189999999,-69.6631426,Thomas College,NE District Pine Tree Event,,,,04901,Pine Tree,2022-03-11,ME,America/New_York,[],http://www.nefirst.org/,1.0,2022
"501 W Columbia Ave, Belleville, MI 48111, USA",Belleville,USA,"{'abbreviation': 'fim', 'display_name': 'FIRST In Michigan', 'key': '2022fim', 'year': 2022}",[],2022-03-26,mibel,1,District,MIBEL,,ChIJqS6x_g5aO4gRinxBD9FRHWc,"https://maps.google.com/?q=501+W+Columbia+Ave,+Belleville,+MI+48111,+USA&ftid=0x883b5a0efeb12ea9:0x671d51d10f417c8a",2022mibel,42.2029189,-83.49319059999999,501 W Columbia Ave,FIM District Belleville Event,,,,48111,Belleville,2022-03-24,MI,America/Detroit,"[{'channel': 'firstinspires22', 'type': 'twitch'}]",http://www.firstinmichigan.org,3.0,2022
"7400 Bay Rd, University Center, MI 48710, USA",University Center,USA,"{'abbreviation': 'fim', 'display_name': 'FIRST In Michigan', 'key': '2022fim', 'year': 2022}",[],2022-04-16,micmp,2,District Championship,MICMP,,ChIJB7CrvKrdI4gRKJhPHrr--ec,https://maps.google.com/?cid=16715671567288211496,2022micmp,43.5122069,-83.9577029,Ryder Center for Health and Physical Education at Saginaw Valley State University,FIRST in Michigan State Championship,,,,48710,in Michigan,2022-04-13,MI,America/Detroit,"[{'channel': 'firstinspires21', 'type': 'twitch'}, {'channel': 'firstinspires22', 'type': 'twitch'}, {'channel': 'firstinspires23', 'type': 'twitch'}, {'channel': 'firstinspires24', 'type': 'twitch'}]",https://www.firstinmichigan.org/,6.0,2022
"2501 2nd Ave, Detroit, MI 48201, USA",Detroit,USA,"{'abbreviation': 'fim', 'display_name': 'FIRST In Michigan', 'key': '2022fim', 'year': 2022}",[],2022-03-05,midet,1,District,MIDET,,ChIJS-JIAEstO4gR5uTELu0N5Ac,"https://maps.google.com/?q=2501+2nd+Ave,+Detroit,+MI+48201,+USA&ftid=0x883b2d4b0048e24b:0x7e40ded2ec4e4e6",2022midet,42.3387883,-83.0605515,2501 2nd Ave,FIM District Detroit Event,,,,48201,Detroit,2022-03-03,MI,America/Detroit,"[{'channel': 'firstinspires23', 'type': 'twitch'}]",http://www.firstinmichigan.org,0.0,2022
"500 S Lincoln Rd, Escanaba, MI 49829, USA",Escanaba,USA,"{'abbreviation': 'fim', 'display_name': 'FIRST In Michigan', 'key': '2022fim', 'year': 2022}",[],2022-03-19,miesc,1,District,MIESC,,ChIJhUNt_ZK8TU0R0qAR1y7dW5M,"https://maps.google.com/?q=500+S+Lincoln+Rd,+Escanaba,+MI+49829,+USA&ftid=0x4d4dbc92fd6d4385:0x935bdd2ed711a0d2",2022miesc,45.7411464,-87.0814825,500 S Lincoln Rd,FIM District Escanaba Event,,,,49829,Escanaba,2022-03-17,MI,America/Detroit,"[{'channel': 'firstinspires25', 'type': 'twitch'}]",https://www.firstinmichigan.org/,2.0,2022
"5901 Hall St SE, Grand Rapids, MI 49546, USA",Grand Rapids,USA,"{'abbreviation': 'fim', 'display_name': 'FIRST In Michigan', 'key': '2022fim', 'year': 2022}",[],2022-03-05,mifor,1,District,MIFOR,,ChIJ8ck9-RxSGIgRzV3n7uGtEhc,"https://maps.google.com/?q=5901+Hall+St+SE,+Grand+Rapids,+MI+49546,+USA&ftid=0x8818521cf93dc9f1:0x1712ade1eee75dcd",2022mifor,42.9441068,-85.5229984,5901 Hall St SE,FIM District Calvin University Event,,,,49546,Calvin University,2022-03-03,MI,America/Detroit,"[{'channel': 'firstinspires21', 'type': 'twitch'}]",http://www.firstinmichigan.org,0.0,2022
"7753 N 34th St, Richland, MI 49083, USA",Richland,USA,"{'abbreviation': 'fim', 'display_name': 'FIRST In Michigan', 'key': '2022fim', 'year': 2022}",[],2022-03-12,migul,1,District,MIGUL,,ChIJxx0rPfiFF4gRW8_ancPk-Fc,"https://maps.google.com/?q=7753+N+34th+St,+Richland,+MI+49083,+USA&ftid=0x881785f83d2b1dc7:0x57f8e4c39ddacf5b",2022migul,42.3726013,-85.4390081,7753 N 34th St,FIM District Gull Lake Event,,,,49083,Gull Lake,2022-03-10,MI,America/Detroit,"[{'channel': 'firstinspires25', 'type': 'twitch'}]",http://www.firstinmichigan.org/,1.0,2022
"106 E Main St, Spring Arbor, MI 49283, USA",Spring Arbor,USA,"{'abbreviation': 'fim', 'display_name': 'FIRST In Michigan', 'key': '2022fim', 'year': 2022}",[],2022-04-09,mijac,1,District,MIJAC,,ChIJCwuNYxg5PYgRHhdvbUnmK1c,https://maps.google.com/?cid=6281367308341286686,2022mijac,42.20666490000001,-84.5560197,Sacred Grounds Coffee Shop,FIM District Jackson Event,,,,49283,Jackson,2022-04-07,MI,America/Detroit,"[{'channel': 'firstinspires23', 'type': 'twitch'}]",https://www.firstinmichigan.org/,5.0,2022
"Connie and Jim John Recreation Center, 1700 University Ave, Flint, MI 48504, USA",Flint,USA,"{'abbreviation': 'fim', 'display_name': 'FIRST In Michigan', 'key': '2022fim', 'year': 2022}",[],2022-03-12,mike2,1,District,MIKE2,,ChIJSdPbRHuCI4gR_usXV4Uba6w,https://maps.google.com/?cid=12424054256537431038,2022mike2,43.0109719,-83.7140725,Kettering University Connie and Jim John Recreation Center,FIM District Kettering University Event #2,,,,48504,Kettering University #2,2022-03-10,MI,America/Detroit,"[{'channel': 'firstinspires24', 'type': 'twitch'}]",http://www.firstinmichigan.org,1.0,2022
"6230 Kalamazoo Ave SE, Kentwood, MI 49508, USA",Kentwood,USA,"{'abbreviation': 'fim', 'display_name': 'FIRST In Michigan', 'key': '2022fim', 'year': 2022}",[],2022-04-02,miken,1,District,MIKEN,,ChIJgTnRL5-0GYgR44ws4OU6u_8,https://maps.google.com/?cid=18427387059299454179,2022miken,42.8504845,-85.618753,East Kentwood High School,FIM District Kentwood Event,,,,49508,Kentwood,2022-03-31,MI,America/Detroit,"[{'channel': 'firstinspires25', 'type': 'twitch'}]",http://www.firstinmichigan.org,4.0,2022
"Connie and Jim John Recreation Center, 1700 University Ave, Flint, MI 48504, USA",Flint,USA,"{'abbreviation': 'fim', 'display_name': 'FIRST In Michigan', 'key': '2022fim', 'year': 2022}",[],2022-03-05,miket,1,District,MIKET,,ChIJSdPbRHuCI4gR_usXV4Uba6w,https://maps.google.com/?cid=12424054256537431038,2022miket,43.0109719,-83.7140725,Kettering University Connie and Jim John Recreation Center,FIM District Kettering University Event #1,,,,48504,Kettering University #1,2022-03-03,MI,America/Detroit,"[{'channel': 'firstinspires24', 'type': 'twitch'}]",http://www.firstinmichigan.org,0.0,2022
"1900 University Ave, Flint, MI 48504, USA",Flint,USA,,[],2022-02-26,mikk,100,Preseason,,,ChIJIe5Gj2SCI4gREbGW1XBp4B0,https://maps.google.com/?cid=2152836555223773457,2022mikk,43.01439239999999,-83.7137177,FIRST Community Center,Kettering Week 0 - AM Session,,0.0,,48504,Kettering Week 0 - AM,2022-02-26,MI,America/Detroit,"[{'channel': 'RoboZonePodcast', 'type': 'twitch'}]",https://newb.kettering.edu/wp/ketteringfirst/,,2022
"1900 University Ave, Flint, MI 48504, USA",Flint,USA,,[],2022-02-26,mikk2,100,Preseason,,,ChIJIe5Gj2SCI4gREbGW1XBp4B0,https://maps.google.com/?cid=2152836555223773457,2022mikk2,43.01439239999999,-83.7137177,FIRST Community Center,Kettering Week 0 - PM Session,,0.0,,48504,Kettering Week 0 - PM,2022-02-26,MI,America/Detroit,"[{'channel': 'RoboZonePodcast', 'type': 'twitch'}]",https://newb.kettering.edu/wp/ketteringfirst/,,2022
"431 Hamilton Ave, Kingsford, MI 49802, USA",Kingsford,USA,"{'abbreviation': 'fim', 'display_name': 'FIRST In Michigan', 'key': '2022fim', 'year': 2022}",[],2022-04-09,mikng,1,District,MIKNG,,ChIJDYSdDH1MUk0RpK8pchSe238,"https://maps.google.com/?q=431+Hamilton+Ave,+Kingsford,+MI+49802,+USA&ftid=0x4d524c7d0c9d840d:0x7fdb9e147229afa4",2022mikng,45.8045142,-88.0733873,431 Hamilton Ave,FIM District Kingsford Event,,,,49802,Kingsford,2022-04-07,MI,America/Chicago,"[{'channel': 'firstinspires25', 'type': 'twitch'}]",http://www.firstinmichigan.org,5.0,2022
"15060 Helmer Rd S, Battle Creek, MI 49015, USA",Battle Creek,USA,"{'abbreviation': 'fim', 'display_name': 'FIRST In Michigan', 'key': '2022fim', 'year': 2022}",[],2022-04-02,milak,1,District,MILAK,,ChIJJ2kjn37tF4gRPJVAPIQpRjI,"https://maps.google.com/?q=15060+Helmer+Rd+S,+Battle+Creek,+MI+49015,+USA&ftid=0x8817ed7e9f236927:0x324629843c40953c",2022milak,42.29124669999999,-85.2352099,15060 Helmer Rd S,FIM District Lakeview Event,,,,49015,Lakeview,2022-03-31,MI,America/Detroit,"[{'channel': 'firstinspires23', 'type': 'twitch'}]",http://www.firstinmichigan.org,4.0,2022
"1001 S Barnes St, Mason, MI 48854, USA",Mason,USA,"{'abbreviation': 'fim', 'display_name': 'FIRST In Michigan', 'key': '2022fim', 'year': 2022}",[],2022-03-26,milan,1,District,MILAN,,ChIJHf0B-gDQIogRWDx3YpO4CCA,https://maps.google.com/?cid=2308297752179063896,2022milan,42.57088600000001,-84.4353129,Mason High School,FIM District Lansing Event,,,,48854,Lansing,2022-03-24,MI,America/Detroit,"[{'channel': 'firstinspires24', 'type': 'twitch'}]",http://www.firstinmichigan.org,3.0,2022
"8900 Newburgh Rd, Livonia, MI 48150, USA",Livonia,USA,"{'abbreviation': 'fim', 'display_name': 'FIRST In Michigan', 'key': '2022fim', 'year': 2022}",[],2022-03-19,miliv,1,District,MILIV,,ChIJD3UfgE5NO4gRWeDnKRhw7bk,"https://maps.google.com/?q=8900+Newburgh+Rd,+Livonia,+MI+48150,+USA&ftid=0x883b4d4e801f750f:0xb9ed701829e7e059",2022miliv,42.3550023,-83.40898109999999,8900 Newburgh Rd,FIM District Livonia Event,,,,48150,Livonia,2022-03-17,MI,America/Detroit,"[{'channel': 'firstinspires23', 'type': 'twitch'}]",http://www.firstinmichigan.org,2.0,2022
"14500 Twelve Mile Rd, Warren, MI 48088, USA",Warren,USA,"{'abbreviation': 'fim', 'display_name': 'FIRST In Michigan', 'key': '2022fim', 'year': 2022}",[],2022-04-02,mimcc,1,District,MIMCC,,ChIJiwmwSerZJIgRetgY5e3t4yk,"https://maps.google.com/?q=14500+Twelve+Mile+Rd,+Warren,+MI+48088,+USA&ftid=0x8824d9ea49b0098b:0x29e3edede518d87a",2022mimcc,42.5046646,-82.9743495,14500 Twelve Mile Rd,FIM District Macomb Community College Event,,,,48088,Macomb Community College,2022-03-31,MI,America/Detroit,"[{'channel': 'firstinspires21', 'type': 'twitch'}]",https://www.firstinmichigan.org/,4.0,2022
"3901 N Saginaw Rd, Midland, MI 48640, USA",Midland,USA,"{'abbreviation': 'fim', 'display_name': 'FIRST In Michigan', 'key': '2022fim', 'year': 2022}",[],2022-03-26,mimid,1,District,MIMID,,ChIJ9zjk_q0qIogRJjWuGPWQ8Go,https://maps.google.com/?cid=7705818344786375974,2022mimid,43.6407382,-84.2754104,H. H. Dow High School,FIM District Midland Event,,,,48640,Midland,2022-03-24,MI,America/Detroit,"[{'channel': 'firstinspires25', 'type': 'twitch'}]",http://www.firstinmichigan.org,3.0,2022
"2380 S Milford Rd, Milford, MI 48380, USA",Highland Charter Township,USA,"{'abbreviation': 'fim', 'display_name': 'FIRST In Michigan', 'key': '2022fim', 'year': 2022}",[],2022-03-12,mimil,1,District,MIMIL,,ChIJEWC5CTBfI4gRdEEFVwWQZA4,"https://maps.google.com/?q=2380+S+Milford+Rd,+Milford,+MI+48380,+USA&ftid=0x88235f3009b96011:0xe64900557054174",2022mimil,42.61746550000001,-83.6220391,2380 S Milford Rd,FIM District Milford Event,,,,48380,Milford,2022-03-10,MI,America/Detroit,"[{'channel': 'firstinspires21', 'type': 'twitch'}]",http://www.firstinmichigan.org,1.0,2022
"16 N Quarterline Rd, Muskegon, MI 49442, USA",Muskegon,USA,"{'abbreviation': 'fim', 'display_name': 'FIRST In Michigan', 'key': '2022fim', 'year': 2022}",[],2022-03-19,mimus,1,District,MIMUS,,ChIJG7ylgLl8GYgRV0_I1RjFog0,"https://maps.google.com/?q=16+N+Quarterline+Rd,+Muskegon,+MI+49442,+USA&ftid=0x88197cb980a5bc1b:0xda2c518d5c84f57",2022mimus,43.25436,-86.1905574,16 N Quarterline Rd,FIM District Muskegon Event,,,,49442,Muskegon,2022-03-17,MI,America/Detroit,"[{'channel': 'firstinspires21', 'type': 'twitch'}]",http://www.firstinmichigan.org,2.0,2022
"6755 Sheldon Rd, Rochester Hills, MI 48306, USA",Rochester Hills,USA,"{'abbreviation': 'fim', 'display_name': 'FIRST In Michigan', 'key': '2022fim', 'year': 2022}",[],2022-03-12,miroc,1,District,MIROC,,ChIJTd5DGv7oJIgRZ9H0jF99zS0,"https://maps.google.com/?q=6755+Sheldon+Rd,+Rochester+Hills,+MI+48306,+USA&ftid=0x8824e8fe1a43de4d:0x2dcd7d5f8cf4d167",2022miroc,42.7000249,-83.1206665,6755 Sheldon Rd,FIM District Rochester Event,,,,48306,Rochester,2022-03-10,MI,America/Detroit,"[{'channel': 'firstinspires22', 'type': 'twitch'}]",https://www.firstinmichigan.org/,1.0,2022
"1300 Campus Pkwy, Ann Arbor, MI 48108, USA",Ann Arbor,USA,"{'abbreviation': 'fim', 'display_name': 'FIRST In Michigan', 'key': '2022fim', 'year': 2022}",[],2022-03-27,misal,1,District,MISAL,,ChIJM5pyYyalPIgRP5mSTjE1C5Y,"https://maps.google.com/?q=1300+Campus+Pkwy,+Ann+Arbor,+MI+48108,+USA&ftid=0x883ca52663729a33:0x960b35314e92993f",2022misal,42.18848,-83.7501255,1300 Campus Pkwy,FIM District Saline Event,,,,48108,Saline,2022-03-25,MI,America/Detroit,"[{'channel': 'firstinspires21', 'type': 'twitch'}]",https://www.firstinmichigan.org/,3.0,2022
"2521 Stadium Dr, St Joseph, MI 49085, USA",St. Joseph,USA,"{'abbreviation': 'fim', 'display_name': 'FIRST In Michigan', 'key': '2022fim', 'year': 2022}",[],2022-03-12,misjo,1,District,MISJO,,ChIJc2KhkA7EEIgRG1626j_RXPk,"https://maps.google.com/?q=2521+Stadium+Dr,+St+Joseph,+MI+49085,+USA&ftid=0x8810c40e90a16273:0xf95cd13feab65e1b",2022misjo,42.0896318,-86.49270539999999,2521 Stadium Dr,FIM District St. Joseph Event,,,,49085,St. Joseph,2022-03-10,MI,America/Detroit,"[{'channel': 'firstinspires23', 'type': 'twitch'}]",http://www.firstinmichigan.org,1.0,2022
"4333 John R Rd, Troy, MI 48085, USA",Troy,USA,"{'abbreviation': 'fim', 'display_name': 'FIRST In Michigan', 'key': '2022fim', 'year': 2022}",[],2022-04-02,mitry,1,District,MITRY,,ChIJk2JyLWPDJIgR7qrsHnpn02U,"https://maps.google.com/?q=4333+John+R+Rd,+Troy,+MI+48085,+USA&ftid=0x8824c3632d726293:0x65d3677a1eecaaee",2022mitry,42.5816012,-83.1109446,4333 John R Rd,FIM District Troy Event,,,,48085,Troy,2022-03-31,MI,America/Detroit,"[{'channel': 'firstinspires24', 'type': 'twitch'}]",http://www.firstinmichigan.org,4.0,2022
"5376 N Long Lake Rd, Traverse City, MI 49685, USA",Traverse City,USA,"{'abbreviation': 'fim', 'display_name': 'FIRST In Michigan', 'key': '2022fim', 'year': 2022}",[],2022-04-09,mitvc,1,District,MITVC,,ChIJ212xa4oxHogRNwDLV1WOypI,"https://maps.google.com/?q=5376+N+Long+Lake+Rd,+Traverse+City,+MI+49685,+USA&ftid=0x881e318a6bb15ddb:0x92ca8e5557cb0037",2022mitvc,44.7471804,-85.6857011,5376 N Long Lake Rd,FIM District Traverse City Event,,,,49685,Traverse City,2022-04-07,MI,America/Detroit,"[{'channel': 'firstinspires22', 'type': 'twitch'}]",http://www.firstinmichigan.org,5.0,2022
"1600 Oakley Park Rd, Commerce Charter Twp, MI 48390, USA",Commerce Charter Township,USA,"{'abbreviation': 'fim', 'display_name': 'FIRST In Michigan', 'key': '2022fim', 'year': 2022}",[],2022-04-10,miwal,1,District,MIWAL,,ChIJecwLUFCkJIgRfpnsj_iZK5Q,"https://maps.google.com/?q=1600+Oakley+Park+Rd,+Commerce+Charter+Twp,+MI+48390,+USA&ftid=0x8824a450500bcc79:0x942b99f88fec997e",2022miwal,42.5685018,-83.4728571,1600 Oakley Park Rd,FIM District Walled Lake Event,,,,48390,Walled Lake,2022-04-08,MI,America/Detroit,"[{'channel': 'firstinspires24', 'type': 'twitch'}]",https://www.firstinmichigan.org/,5.0,2022
"10915 N Campus Dr, Allendale, MI 49401, USA",Allendale Charter Township,USA,"{'abbreviation': 'fim', 'display_name': 'FIRST In Michigan', 'key': '2022fim', 'year': 2022}",[],2022-03-26,miwmi,1,District,MIWMI,,ChIJxxiB9h-jGYgRI5OEwb5buaQ,https://maps.google.com/?cid=11869619167760257827,2022miwmi,42.9668887,-85.8897631,Recreation Center,FIM District West Michigan Event,,,,49401,West Michigan,2022-03-24,MI,America/Detroit,"[{'channel': 'firstinspires23', 'type': 'twitch'}]",http://www.firstinmichigan.org,3.0,2022
"24787 Van Horn Rd, Brownstown Charter Twp, MI 48134, USA",Brownstown Charter Township,USA,"{'abbreviation': 'fim', 'display_name': 'FIRST In Michigan', 'key': '2022fim', 'year': 2022}",[],2022-04-10,miwoo,1,District,MIWOO,,ChIJOXQ6pag4O4gR8YUi7nVjfxU,https://maps.google.com/?cid=1549066154996303345,2022miwoo,42.1223878,-83.27175969999999,Woodhaven High School,FIM District Woodhaven Event,,,,48134,Woodhaven,2022-04-08,MI,America/Detroit,"[{'channel': 'firstinspires21', 'type': 'twitch'}]",https://www.firstinmichigan.org/,5.0,2022
"350 Harbor Dr, Duluth, MN 55802, USA",Duluth,USA,,[],2022-03-05,mndu,0,Regional,MNDU,,ChIJaTNyg5NSrlIRB45Mfkoq8Oc,https://maps.google.com/?cid=16712904716606803463,2022mndu,46.78150549999999,-92.09795369999999,Duluth Entertainment Convention Center,Lake Superior Regional,,,,55802,Lake Superior,2022-03-02,MN,America/Chicago,"[{'channel': 'firstinspires5', 'type': 'twitch'}, {'channel': 'firstinspires6', 'type': 'twitch'}]",http://www.mnfirst.org,0.0,2022
"350 Harbor Dr, Duluth, MN 55802, USA",Duluth,USA,,[],2022-03-05,mndu2,0,Regional,MNDU2,,ChIJaTNyg5NSrlIRB45Mfkoq8Oc,https://maps.google.com/?cid=16712904716606803463,2022mndu2,46.78150549999999,-92.09795369999999,Duluth Entertainment Convention Center,Northern Lights Regional,,,,55802,Northern Lights,2022-03-02,MN,America/Chicago,"[{'channel': 'firstinspires3', 'type': 'twitch'}, {'channel': 'firstinspires4', 'type': 'twitch'}]",http://www.mnfirst.org,0.0,2022
"1925 University Ave SE, Minneapolis, MN 55455, USA",Minneapolis,USA,,[],2022-04-09,mnmi,0,Regional,MNMI,,ChIJm9Bpmxkts1IRgJV4wZ0g8gQ,"https://maps.google.com/?q=1925+University+Ave+SE,+Minneapolis,+MN+55455,+USA&ftid=0x52b32d199b69d09b:0x4f2209dc1789580",2022mnmi,44.9770901,-93.2283819,1925 University Ave SE,"Minnesota 10,000 Lakes Regional presented by Medtronic",,,,55455,"Minnesota 10,000 Lakes",2022-04-06,MN,America/Chicago,"[{'channel': 'firstinspires10', 'type': 'twitch'}, {'channel': 'firstinspires9', 'type': 'twitch'}]",http://www.mnfirst.org,5.0,2022
"1901 4th St SE, Minneapolis, MN 55455, USA",Minneapolis,USA,,[],2022-04-09,mnmi2,0,Regional,MNMI2,,ChIJlxYc1Bsts1IRWDKAmJXi3QQ,https://maps.google.com/?cid=350685478141309528,2022mnmi2,44.978017,-93.2280612,3M Arena at Mariucci,Minnesota North Star Regional,,,,55455,Minnesota North Star,2022-04-06,MN,America/Chicago,"[{'channel': 'firstinspires11', 'type': 'twitch'}, {'channel': 'firstinspires12', 'type': 'twitch'}]",http://www.mnfirst.org,5.0,2022
"901 NE Douglas St, Lee's Summit, MO 64086, USA",Lee's Summit,USA,,[],2022-03-26,mokc,0,Regional,MOKC,,ChIJ56t7fMAfwYcRNq8k-TedZMA,"https://maps.google.com/?q=901+NE+Douglas+St,+Lee%27s+Summit,+MO+64086,+USA&ftid=0x87c11fc07c7babe7:0xc0649d37f924af36",2022mokc,38.9288951,-94.3773113,901 NE Douglas St,Greater Kansas City Regional,,,,64086,Greater Kansas City,2022-03-23,MO,America/Chicago,"[{'channel': 'firstinspires7', 'type': 'twitch'}, {'channel': 'firstinspires8', 'type': 'twitch'}]",http://www.kcfirst.org,3.0,2022
"2010 Tiger Pride Blvd, Sedalia, MO 65301, USA",Sedalia,USA,,[],2022-04-03,mokc3,0,Regional,MOKC3,,ChIJqc3I2h-Gw4cRG7FV1XUJzMM,"https://maps.google.com/?q=2010+Tiger+Pride+Blvd,+Sedalia,+MO+65301,+USA&ftid=0x87c3861fdac8cda9:0xc3cc0975d555b11b",2022mokc3,38.6731237,-93.2572625,2010 Tiger Pride Blvd,Central Missouri Regional,,,,65301,Central Missouri,2022-03-31,MO,America/Chicago,"[{'channel': 'firstinspires7', 'type': 'twitch'}, {'channel': 'firstinspires8', 'type': 'twitch'}]",http://www.kcfirst.org,4.0,2022
"1 S Compton Ave, St. Louis, MO 63103, USA",St. Louis,USA,,[],2022-04-02,mosl,0,Regional,MOSL,,ChIJUZ-S6KG02IcRtZ2MGJVIVCc,"https://maps.google.com/?q=1+S+Compton+Ave,+St.+Louis,+MO+63103,+USA&ftid=0x87d8b4a1e8929f51:0x27544895188c9db5",2022mosl,38.6325141,-90.2278753,1 S Compton Ave,St. Louis Regional,,,,63103,St. Louis,2022-03-30,MO,America/Chicago,"[{'channel': 'firstinspires10', 'type': 'twitch'}, {'channel': 'firstinspires9', 'type': 'twitch'}]",http://www.FIRSTinMissouri.org,4.0,2022
"Stabler Athletic & Convocation Center, 124 Goodman Dr, Bethlehem, PA 18015, USA",Bethlehem,USA,"{'abbreviation': 'fma', 'display_name': 'FIRST Mid-Atlantic', 'key': '2022fma', 'year': 2022}",[],2022-04-09,mrcmp,2,District Championship,MRCMP,,ChIJa4-F6Qk-xIkRebV76v7YArA,https://maps.google.com/?q=Stabler+Athletic+%26+Convocation+Center&ftid=0x89c43e09e9858f6b:0xb002d8feea7bb579,2022mrcmp,40.58528099999999,-75.35740299999999,Stabler Athletic & Convocation Center,FIRST Mid-Atlantic District Championship,,,,18015,Mid-Atlantic,2022-04-07,PA,America/New_York,[],http://www.midatlanticrobotics.com/,5.0,2022
"Av. Ricardo Covarrubias, Sin Nombre de Colonia 34, Tecnológico, 64849 Monterrey, N.L., Mexico",Monterrey,Mexico,,[],2022-03-12,mxmo,0,Regional,MXMO,,ChIJjZcAj7-_YoYRcRz3dlpIl9I,https://maps.google.com/?cid=15174677022828338289,2022mxmo,25.6538893,-100.2850779,Borrego Sports Center,Regional Monterrey,,,,64849,Regional Monterrey,2022-03-09,N.L.,America/Monterrey,"[{'channel': 'firstinspires19', 'type': 'twitch'}, {'channel': 'firstinspires20', 'type': 'twitch'}]",,1.0,2022
"P.º del Tecnológico 751, La Rosita, Amp la Rosita, 27258 Torreón, Coah., Mexico",Torreón,Mexico,,[],2022-03-26,mxto,0,Regional,MXTO,,ChIJZen66n3bj4YRY2mA14YrH8c,"https://maps.google.com/?q=P.%C2%BA+del+Tecnol%C3%B3gico+751,+La+Rosita,+Amp+la+Rosita,+27258+Torre%C3%B3n,+Coah.,+Mexico&ftid=0x868fdb7deafae965:0xc71f2b86d7806963",2022mxto,25.5173699,-103.3981735,P.º del Tecnológico 751,Regional Laguna,,,,27258,Regional Laguna,2022-03-23,Coah.,America/Monterrey,"[{'channel': 'firstinspires19', 'type': 'twitch'}, {'channel': 'firstinspires20', 'type': 'twitch'}]",https://www.firstlagunaregional.com.mx,3.0,2022
"The Sherrill Center and Kimmell Arena, 227 Campus Dr, Asheville, NC 28804, USA",Asheville,USA,"{'abbreviation': 'fnc', 'display_name': 'FIRST North Carolina', 'key': '2022fnc', 'year': 2022}",[],2022-03-20,ncash,1,District,NCASH,,ChIJq57YoEmLWYgRXVEtubdp20w,https://maps.google.com/?cid=5538136404588843357,2022ncash,35.6180967,-82.5688412,Kimmell Arena,FNC District UNC Asheville Event,,,,28804,UNC Asheville,2022-03-18,NC,America/New_York,"[{'channel': 'firstinspires27', 'type': 'twitch'}]",http://www.firstnorthcarolina.org/,2.0,2022
"56 Main Street NC, Buies Creek, NC 27506, USA",Buies Creek,USA,"{'abbreviation': 'fnc', 'display_name': 'FIRST North Carolina', 'key': '2022fnc', 'year': 2022}",[],2022-04-10,nccmp,2,District Championship,NCCMP,,ChIJRUpylvKBrIkRets62Zh9gK8,https://maps.google.com/?cid=12646245849089366906,2022nccmp,35.40787890000001,-78.7367859,John W. Pope Jr. Convocation Center,FIRST North Carolina District State Championship,,,,27506,North Carolina District,2022-04-08,NC,America/New_York,"[{'channel': 'firstinspires27', 'type': 'twitch'}]",http://www.firstnorthcarolina.org/,5.0,2022
"1 Ficklen Dr, Greenville, NC 27858, USA",Greenville,USA,"{'abbreviation': 'fnc', 'display_name': 'FIRST North Carolina', 'key': '2022fnc', 'year': 2022}",[],2022-03-13,ncgre,1,District,NCGRE,,ChIJrzqD9_bnrokR7dmrrElQsCw,"https://maps.google.com/?q=1+Ficklen+Dr,+Greenville,+NC+27858,+USA&ftid=0x89aee7f6f7833aaf:0x2cb05049acabd9ed",2022ncgre,35.5975469,-77.36743899999999,Minges Coliseum,FNC District ECU Event,,,,27858,ECU,2022-03-11,NC,America/New_York,"[{'channel': 'firstinspires27', 'type': 'twitch'}]",https://www.firstnorthcarolina.org/,1.0,2022
"415 Peeden Dr, Gibsonville, NC 27249, USA",Gibsonville,USA,"{'abbreviation': 'fnc', 'display_name': 'FIRST North Carolina', 'key': '2022fnc', 'year': 2022}",[],2022-03-27,ncgui,1,District,NCGUI,,ChIJhUPgUI0mU4gRcNRrDlKE-DI,"https://maps.google.com/?q=415+Peeden+Dr,+Gibsonville,+NC+27249,+USA&ftid=0x8853268d50e04385:0x32f884520e6bd470",2022ncgui,36.0925525,-79.6159945,415 Peeden Dr,FNC District Guilford County Event,,,,27249,Guilford County,2022-03-25,NC,America/New_York,"[{'channel': 'firstinspires27', 'type': 'twitch'}]",http://www.firstnorthcarolina.org/,3.0,2022
"English E. Jones Helath and Physical Education Center, University Drive, Pembroke, NC 28372, USA",Pembroke,USA,"{'abbreviation': 'fnc', 'display_name': 'FIRST North Carolina', 'key': '2022fnc', 'year': 2022}",[],2022-04-03,ncpem,1,District,NCPEM,,ChIJT0_PlH_XqokRnNApAXFxQqo,https://maps.google.com/?q=English+E.+Jones+Helath+and+Physical+Education+Center&ftid=0x89aad77f94cf4f4f:0xaa4271710129d09c,2022ncpem,34.6894587,-79.20122889999999,English E. Jones Helath and Physical Education Center,FNC District UNC Pembroke Event,,,,28372,UNC Pembroke,2022-04-01,NC,America/New_York,"[{'channel': 'firstinspires27', 'type': 'twitch'}]",http://www.firstnorthcarolina.org/,4.0,2022
"1200 S 42nd St, Grand Forks, ND 58201, USA",Grand Forks,USA,,[],2022-03-26,ndgf,0,Regional,NDGF,,ChIJN9YeNQaBxlIRd8Gwq9b2Dyw,https://maps.google.com/?cid=3175027664183411063,2022ndgf,47.9107995,-97.0912024,Alerus Center,Great Northern Regional,,,,58201,Great Northern,2022-03-23,ND,America/Chicago,"[{'channel': 'firstinspires11', 'type': 'twitch'}, {'channel': 'firstinspires12', 'type': 'twitch'}]",https://firstuppermidwest.org/,3.0,2022
"Young Building, 1305 Memorial Ave, West Springfield, MA 01089, USA",West Springfield,USA,"{'abbreviation': 'ne', 'display_name': 'New England', 'key': '2022ne', 'year': 2022}",[],2022-04-16,necmp,2,District Championship,NECMP,,ChIJibX3XTXh5okRs1v504QcyRE,https://maps.google.com/?q=Young+Building&ftid=0x89e6e1355df7b589:0x11c91c84d3f95bb3,2022necmp,42.09138069999999,-72.61677999999999,Young Building,New England FIRST District Championship,,,,01089,New England FIRST,2022-04-13,MA,America/New_York,[],https://nefirst.org/,6.0,2022
"44 Geremonty Dr, Salem, NH 03079, USA",Salem,USA,"{'abbreviation': 'ne', 'display_name': 'New England', 'key': '2022ne', 'year': 2022}",[],2022-03-05,nhgrs,1,District,NHGRS,,ChIJKSXG3Wuq44kRriNM4qokrxU,"https://maps.google.com/?q=44+Geremonty+Dr,+Salem,+NH+03079,+USA&ftid=0x89e3aa6bddc62529:0x15af24aae24c23ae",2022nhgrs,42.7804445,-71.2122444,44 Geremonty Dr,NE District Granite State Event,,,,03079,Granite State,2022-03-03,NH,America/New_York,"[{'channel': 'nefirst_blue', 'type': 'twitch'}, {'channel': 'nefirst_red', 'type': 'twitch'}]",http://www.nefirst.org/,0.0,2022
"145, 302 Newmarket St, Portsmouth, NH 03801, USA",Portsmouth,USA,"{'abbreviation': 'ne', 'display_name': 'New England', 'key': '2022ne', 'year': 2022}",[],2022-04-02,nhsea,1,District,NHSEA,,ChIJ6a3NF2GV4okRCAx8jpQ7hNs,https://maps.google.com/?cid=15817833300463717384,2022nhsea,43.088375,-70.8151855,Air National Guard Recruiting Office,NE District Pease ANG Event,,,,03801,Pease ANG,2022-03-31,NH,America/New_York,[],https://nefirst.org/,4.0,2022
"600 Garretson Rd, Bridgewater Township, NJ 08807, USA",Bridgewater Township,USA,"{'abbreviation': 'fma', 'display_name': 'FIRST Mid-Atlantic', 'key': '2022fma', 'year': 2022}",[],2022-03-06,njbri,1,District,NJBRI,,ChIJSxzrWBmVw4kRG7exzXjFewc,"https://maps.google.com/?q=600+Garretson+Rd,+Bridgewater+Township,+NJ+08807,+USA&ftid=0x89c3951958eb1c4b:0x77bc578cdb1b71b",2022njbri,40.5923903,-74.63327249999999,600 Garretson Rd,FMA District Bridgewater-Raritan Event,,,,08807,Bridgewater-Raritan,2022-03-04,NJ,America/New_York,"[{'channel': 'Pqm8dMpsagk', 'date': '2022-03-06', 'type': 'youtube'}]",http://www.midatlanticrobotics.com/,0.0,2022
"18 Corey Rd, Flanders, NJ 07836, USA",Mount Olive,USA,"{'abbreviation': 'fma', 'display_name': 'FIRST Mid-Atlantic', 'key': '2022fma', 'year': 2022}",[],2022-03-13,njfla,1,District,NJFLA,,ChIJ93rT9rSdw4kRelcNKT9Gpuw,"https://maps.google.com/?q=18+Corey+Rd,+Flanders,+NJ+07836,+USA&ftid=0x89c39db4f6d37af7:0xeca6463f290d577a",2022njfla,40.85874200000001,-74.7141369,18 Corey Rd,FMA District Mount Olive Event,,,,07836,Mount Olive,2022-03-11,NJ,America/New_York,[],http://www.midatlanticrobotics.com/,1.0,2022
"1016 Rt 601, Skillman, NJ 08558, USA",Montgomery,USA,"{'abbreviation': 'fma', 'display_name': 'FIRST Mid-Atlantic', 'key': '2022fma', 'year': 2022}",[],2022-04-03,njski,1,District,NJSKI,,ChIJ7ZxDGbrow4kRaXCeysrdKqY,https://maps.google.com/?cid=11973626422370398313,2022njski,40.4174592,-74.7064384,Montgomery High School,FMA District Montgomery Event,,,,08558,Montgomery,2022-04-01,NJ,America/New_York,[],http://www.midatlanticrobotics.com/,4.0,2022
"110 Carranza Rd, Tabernacle, NJ 08088, USA",Tabernacle,USA,"{'abbreviation': 'fma', 'display_name': 'FIRST Mid-Atlantic', 'key': '2022fma', 'year': 2022}",[],2022-03-27,njtab,1,District,NJTAB,,ChIJd3n8Hdk7wYkR9oFGutsM0VQ,"https://maps.google.com/?q=110+Carranza+Rd,+Tabernacle,+NJ+08088,+USA&ftid=0x89c13bd91dfc7977:0x54d10cdbba4681f6",2022njtab,39.8573385,-74.717795,110 Carranza Rd,FMA District Seneca Event,,,,08088,Seneca,2022-03-25,NJ,America/New_York,[],http://www.midatlanticrobotics.com/,3.0,2022
"4505 S Maryland Pkwy, Las Vegas, NV 89154, USA",Las Vegas,USA,,[],2022-04-02,nvlv,0,Regional,NVLV,,ChIJF7JO1arFyIARUoGBNoiPmAE,"https://maps.google.com/?q=4505+S+Maryland+Pkwy,+Las+Vegas,+NV+89154,+USA&ftid=0x80c8c5aad54eb217:0x1988f8836818152",2022nvlv,36.1090595,-115.1443097,4505 S Maryland Pkwy,Las Vegas Regional,,,,89154,Las Vegas,2022-03-30,NV,America/Los_Angeles,"[{'channel': 'firstinspires15', 'type': 'twitch'}, {'channel': 'firstinspires16', 'type': 'twitch'}]",http://www.firstnevada.org,4.0,2022
"245, Hofstra University, Hempstead, NY 11549, USA",Hempstead,USA,,[],2022-03-23,nyli,0,Regional,NYLI,,ChIJc8DiZJh9wokResqrji5Qr_s,https://maps.google.com/?cid=18135802385336617594,2022nyli,40.71971920000001,-73.5968484,David S. Mack Sports and Exhibition Complex,SBPLI Long Island Regional #1,,,,11549,SBPLI Long Island #1,2022-03-20,NY,America/New_York,"[{'channel': 'firstinspires1', 'type': 'twitch'}, {'channel': 'firstinspires2', 'type': 'twitch'}]",http://www.sbpli-lifirst.org,2.0,2022
"245, Hofstra University, Hempstead, NY 11549, USA",Hempstead,USA,,[],2022-03-26,nyli2,0,Regional,NYLI2,,ChIJc8DiZJh9wokResqrji5Qr_s,https://maps.google.com/?cid=18135802385336617594,2022nyli2,40.71971920000001,-73.5968484,David S. Mack Sports and Exhibition Complex,SBPLI Long Island Regional #2,,,,11549,SBPLI Long Island #2,2022-03-24,NY,America/New_York,"[{'channel': 'firstinspires1', 'type': 'twitch'}, {'channel': 'firstinspires2', 'type': 'twitch'}]",http://www.sbpli-lifirst.org,3.0,2022
"216 Fort Washington Ave, New York, NY 10032, USA",New York,USA,,[],2022-04-10,nyny,0,Regional,NYNY,,ChIJi3eY95v2wokR4cL4GcqwiWM,https://maps.google.com/?cid=7172458263629841121,2022nyny,40.8421936,-73.9413146,Armory Track,New York City Regional,,,,10032,New York City,2022-04-07,NY,America/New_York,"[{'channel': 'firstinspires1', 'type': 'twitch'}, {'channel': 'firstinspires2', 'type': 'twitch'}]",http://www.nycfirst.org,5.0,2022
"The Quarter Mile Walkway, Rochester, NY 14623, USA",Rochester,USA,,[],2022-03-12,nyro,0,Regional,NYRO,,ChIJFw7v4mFM0YkR_PnuEYGTZDs,https://maps.google.com/?cid=4279707728469752316,2022nyro,43.0851108,-77.67162890000002,Gordon Field House and Activities Center,Finger Lakes Regional,,,,14623,Finger Lakes,2022-03-09,NY,America/New_York,"[{'channel': 'firstinspires1', 'type': 'twitch'}, {'channel': 'firstinspires2', 'type': 'twitch'}]",https://www.rit.edu/gcr/firstrobotics/,1.0,2022
"25 High School Dr, Penfield, NY 14526, USA",Penfield,USA,,[],2022-02-20,nyrra,100,Preseason,,,ChIJMdgdk37L1okR0RZ-eqrFM1k,https://maps.google.com/?cid=6427698429178025681,2022nyrra,43.1366228,-77.4709142,Penfield High School,Rochester Rally,,0.0,,14526,,2022-02-20,NY,America/New_York,"[{'channel': '1511RollingThunder', 'type': 'twitch'}]",https://www.chiefdelphi.com/t/rochester-rally-xvii-2022/400770,,2022
"51 S Pearl St, Albany, NY 12207, USA",Albany,USA,,[],2022-03-16,nytr,0,Regional,NYTR,,ChIJtYTUwSMK3okR_Xnl22th_2U,"https://maps.google.com/?q=51+S+Pearl+St,+Albany,+NY+12207,+USA&ftid=0x89de0a23c1d484b5:0x65ff616bdbe579fd",2022nytr,42.64846420000001,-73.7549566,51 S Pearl St,New York Tech Valley Regional,,,,12207,New York Tech Valley,2022-03-13,NY,America/New_York,"[{'channel': 'firstinspires3', 'type': 'twitch'}, {'channel': 'firstinspires4', 'type': 'twitch'}]",https://www.techvalleyfirst.org/,1.0,2022
"Wolstein Center, 2000 Prospect Ave E, Cleveland, OH 44115, USA",Cleveland,USA,,[],2022-03-26,ohcl,0,Regional,OHCL,,ChIJMxTU82P6MIgR150J1Hs3ACo,https://maps.google.com/?cid=3026479954570878423,2022ohcl,41.499382,-81.6768646,Wolstein Center at Cleveland State University,Buckeye Regional,,,,44115,Buckeye,2022-03-23,OH,America/New_York,"[{'channel': 'firstinspires3', 'type': 'twitch'}, {'channel': 'firstinspires4', 'type': 'twitch'}]",http://www.firstbuckeye.org/,3.0,2022
"18145 Old Rangeline Rd, Shawnee, OK 74801, USA",Shawnee,USA,,[],2022-03-12,okok,0,Regional,OKOK,,ChIJ01fnhWe3s4cRIp-h4cS9djw,https://maps.google.com/?cid=4356878342824238882,2022okok,35.3021455,-96.9294735,FireLake Arena,Oklahoma Regional,,,,74801,Oklahoma,2022-03-09,OK,America/Chicago,"[{'channel': 'firstinspires11', 'type': 'twitch'}, {'channel': 'firstinspires12', 'type': 'twitch'}]",https://www.first-oklahoma.com/frc-portal/,1.0,2022
"4145 E 21st St, Tulsa, OK 74114, USA",Tulsa,USA,,[],2022-04-09,oktu,0,Regional,OKTU,,ChIJ8Y4CzCLttocRHrz4Y9s-KgQ,"https://maps.google.com/?q=4145+E+21st+St,+Tulsa,+OK+74114,+USA&ftid=0x87b6ed22cc028ef1:0x42a3edb63f8bc1e",2022oktu,36.1363686,-95.93023889999999,4145 E 21st St,Green Country Regional,,,,74114,Green Country,2022-04-06,OK,America/Chicago,"[{'channel': 'firstinspires13', 'type': 'twitch'}, {'channel': 'firstinspires14', 'type': 'twitch'}]",http://www.first-oklahoma.com/,5.0,2022
"Nipissing University, 100 College Dr, North Bay, ON P1B 8L7, Canada",North Bay,Canada,"{'abbreviation': 'ont', 'display_name': 'Ontario', 'key': '2022ont', 'year': 2022}",[],2022-04-03,on034,1,District,ON034,,ChIJC6omLtn_KE0RRe1M2P9BgW8,https://maps.google.com/?q=Robert+J.+Surtees+Student+Athletic+Centre&ftid=0x4d28ffd92e26aa0b:0x6f8141ffd84ced45,2022on034,46.3442394,-79.4895251,Robert J. Surtees Student Athletic Centre,ONT District North Bay Event Day 2,,,,P1B 8L7,North Bay,2022-04-03,ON,America/Toronto,[],http://www.firstroboticscanada.org/events/category/frc/list/,4.0,2022
"2555 College Ave, Windsor, ON N9B 3P4, Canada",Windsor,Canada,"{'abbreviation': 'ont', 'display_name': 'Ontario', 'key': '2022ont', 'year': 2022}",[],2022-04-02,on204,1,District,ON204,,ChIJQQDy8Z4tO4gRtHkGFiEfVAY,https://maps.google.com/?cid=456023689235167668,2022on204,42.29897049999999,-83.0613372,St. Denis Athletic & Community Centre,ONT District Windsor Essex Great Lakes Event Day 2,,,,N9B 3P4,Windsor Essex Great Lakes,2022-04-02,ON,America/Toronto,[],http://www.firstroboticscanada.org/events/category/frc/list/,4.0,2022
"4700 Keele St, Toronto, ON M3J 1P3, Canada",Toronto,Canada,"{'abbreviation': 'ont', 'display_name': 'Ontario', 'key': '2022ont', 'year': 2022}",[],2022-03-26,on263,1,District,ON263,,ChIJ-3t2CzPN1IkRGW2nncyZuNs,https://maps.google.com/?cid=15832573594118352153,2022on263,43.77345349999999,-79.50186839999999,York University,ONT District York University Event Day 1,,,,M3J 1P3,York University,2022-03-26,ON,America/Toronto,"[{'channel': 'firstontario1', 'type': 'twitch'}, {'channel': 'firstontario2', 'type': 'twitch'}]",http://www.firstroboticscanada.org/events/category/frc/list/,3.0,2022
"4700 Keele St, Toronto, ON M3J 1P3, Canada",Toronto,Canada,"{'abbreviation': 'ont', 'display_name': 'Ontario', 'key': '2022ont', 'year': 2022}",[],2022-03-27,on273,1,District,ON273,,ChIJ-3t2CzPN1IkRGW2nncyZuNs,https://maps.google.com/?cid=15832573594118352153,2022on273,43.77345349999999,-79.50186839999999,York University,ONT District York University Event Day 2,,,,M3J 1P3,York University,2022-03-27,ON,America/Toronto,"[{'channel': 'firstontario1', 'type': 'twitch'}, {'channel': 'firstontario2', 'type': 'twitch'}]",http://www.firstroboticscanada.org/events/category/frc/list/,3.0,2022
"205 Humber College Blvd, Etobicoke, ON M9W 5L7, Canada",Toronto,Canada,"{'abbreviation': 'ont', 'display_name': 'Ontario', 'key': '2022ont', 'year': 2022}",[],2022-03-05,on305,1,District,ON305,,ChIJLRxZPa07K4gRRZkWA-zk0Vk,"https://maps.google.com/?q=205+Humber+College+Blvd,+Etobicoke,+ON+M9W+5L7,+Canada&ftid=0x882b3bad3d591c2d:0x59d1e4ec03169945",2022on305,43.7284351,-79.6067803,205 Humber College Blvd,ONT District Humber College Event Day 1,,,,M9W 5L7,Humber College,2022-03-05,ON,America/Toronto,"[{'channel': 'firstontario1', 'type': 'twitch'}, {'channel': 'firstontario2', 'type': 'twitch'}]",http://www.firstroboticscanada.org/events/category/frc/list/,0.0,2022
"205 Humber College Blvd, Etobicoke, ON M9W 5L7, Canada",Toronto,Canada,"{'abbreviation': 'ont', 'display_name': 'Ontario', 'key': '2022ont', 'year': 2022}",[],2022-03-06,on306,1,District,ON306,,ChIJLRxZPa07K4gRRZkWA-zk0Vk,"https://maps.google.com/?q=205+Humber+College+Blvd,+Etobicoke,+ON+M9W+5L7,+Canada&ftid=0x882b3bad3d591c2d:0x59d1e4ec03169945",2022on306,43.7284351,-79.6067803,205 Humber College Blvd,ONT District Humber College Event Day 2,,,,M9W 5L7,Humber College,2022-03-06,ON,America/Toronto,"[{'channel': 'firstontario1', 'type': 'twitch'}, {'channel': 'firstontario2', 'type': 'twitch'}]",http://www.firstroboticscanada.org/events/category/frc/list/,0.0,2022
"Physical Activities Complex, 200 University Ave W, Waterloo, ON N2L 3G1, Canada",Waterloo,Canada,"{'abbreviation': 'ont', 'display_name': 'Ontario', 'key': '2022ont', 'year': 2022}",[],2022-03-25,on325,1,District,ON325,,ChIJf8YkNqr2K4gRKlKmqlX-hMc,https://maps.google.com/?q=Physical+Activities+Complex&ftid=0x882bf6aa3624c67f:0xc784fe55aaa6522a,2022on325,43.4723337,-80.5461394,Physical Activities Complex,ONT District University of Waterloo Event Day 1,,,,N2L 3G1,University of Waterloo,2022-03-25,ON,America/Toronto,"[{'channel': 'firstontario3', 'type': 'twitch'}, {'channel': 'firstontario4', 'type': 'twitch'}]",http://www.firstroboticscanada.org/events/category/frc/list/,3.0,2022
"Physical Activities Complex, 200 University Ave W, Waterloo, ON N2L 3G1, Canada",Waterloo,Canada,"{'abbreviation': 'ont', 'display_name': 'Ontario', 'key': '2022ont', 'year': 2022}",[],2022-03-26,on326,1,District,ON326,,ChIJf8YkNqr2K4gRKlKmqlX-hMc,https://maps.google.com/?q=Physical+Activities+Complex&ftid=0x882bf6aa3624c67f:0xc784fe55aaa6522a,2022on326,43.4723337,-80.5461394,Physical Activities Complex,ONT District University of Waterloo Event Day 2,,,,N2L 3G1,University of Waterloo,2022-03-26,ON,America/Toronto,"[{'channel': 'firstontario3', 'type': 'twitch'}, {'channel': 'firstontario4', 'type': 'twitch'}]",http://www.firstroboticscanada.org/events/category/frc/list/,3.0,2022
"200 Whitney Ave, Hamilton, ON L8S 2G7, Canada",Hamilton,Canada,"{'abbreviation': 'ont', 'display_name': 'Ontario', 'key': '2022ont', 'year': 2022}",[],2022-04-09,on409,1,District,ON409,,ChIJ23uNAreELIgROqm9W76rksg,"https://maps.google.com/?q=200+Whitney+Ave,+Hamilton,+ON+L8S+2G7,+Canada&ftid=0x882c84b7028d7bdb:0xc892abbe5bbda93a",2022on409,43.2536092,-79.92784,200 Whitney Ave,ONT District St. Mary C.S.S. Event Day 1,,,,L8S 2G7,St. Mary C.S.S.,2022-04-09,ON,America/Toronto,[],http://www.firstroboticscanada.org/events/category/frc/list/,5.0,2022
"200 Whitney Ave, Hamilton, ON L8S 2G7, Canada",Hamilton,Canada,"{'abbreviation': 'ont', 'display_name': 'Ontario', 'key': '2022ont', 'year': 2022}",[],2022-04-10,on410,1,District,ON410,,ChIJ23uNAreELIgROqm9W76rksg,"https://maps.google.com/?q=200+Whitney+Ave,+Hamilton,+ON+L8S+2G7,+Canada&ftid=0x882c84b7028d7bdb:0xc892abbe5bbda93a",2022on410,43.2536092,-79.92784,200 Whitney Ave,ONT District St. Mary C.S.S. Event Day 2,,,,L8S 2G7,St. Mary C.S.S.,2022-04-10,ON,America/Toronto,[],http://www.firstroboticscanada.org/events/category/frc/list/,5.0,2022
"5500 Rose Cherry Pl, Mississauga, ON L4Z 4B6, Canada",Mississauga,Canada,"{'abbreviation': 'ont', 'display_name': 'Ontario', 'key': '2022ont', 'year': 2022}",[],2022-04-16,oncmp,2,District Championship,ONCMP,,ChIJEzz0d1Q_K4gR5tqYHwCZD1A,"https://maps.google.com/?q=5500+Rose+Cherry+Pl,+Mississauga,+ON+L4Z+4B6,+Canada&ftid=0x882b3f5477f43c13:0x500f99001f98dae6",2022oncmp,43.6313878,-79.6539032,5500 Rose Cherry Pl,FIRST Ontario Provincial Championship,,,,L4Z 4B6,Ontario,2022-04-14,ON,America/Toronto,[],https://www.firstroboticscanada.org/,6.0,2022
"1306 12th St, Oregon City, OR 97045, USA",Oregon City,USA,"{'abbreviation': 'pnw', 'display_name': 'Pacific Northwest', 'key': '2022pnw', 'year': 2022}",[],2022-03-05,orore,1,District,ORORE,,ChIJ26wxsM12lVQRBh7dmMPM4Lc,"https://maps.google.com/?q=1306+12th+St,+Oregon+City,+OR+97045,+USA&ftid=0x549576cdb031acdb:0xb7e0ccc398dd1e06",2022orore,45.3562418,-122.5965714,1306 12th St,PNW District Clackamas Academy Event,,,,97045,Clackamas Academy,2022-03-03,OR,America/Los_Angeles,"[{'channel': 'firstinspires28', 'type': 'twitch'}, {'channel': 'firstwa_red2', 'type': 'twitch'}]",http://www.firstwa.org/,0.0,2022
"LB Day Amphitheatre, 2330 17th St NE, Salem, OR 97303, USA",Salem,USA,"{'abbreviation': 'pnw', 'display_name': 'Pacific Northwest', 'key': '2022pnw', 'year': 2022}",[],2022-03-26,orsal,1,District,ORSAL,,ChIJ4dDQPPj-v1QRb7lpvvIqsBo,https://maps.google.com/?q=LB+Day+Amphitheatre&ftid=0x54bffef83cd0d0e1:0x1ab02af2be69b96f,2022orsal,44.9579466,-123.0091822,LB Day Amphitheatre,PNW District Oregon State Fairgrounds Event,,,,97303,Oregon State Fairgrounds,2022-03-24,OR,America/Los_Angeles,"[{'channel': 'firstinspires28', 'type': 'twitch'}]",https://ortop.org/,3.0,2022
"6800 SW Wilsonville Rd, Wilsonville, OR 97070, USA",Wilsonville,USA,"{'abbreviation': 'pnw', 'display_name': 'Pacific Northwest', 'key': '2022pnw', 'year': 2022}",[],2022-03-12,orwil,1,District,ORWIL,,ChIJ1y5YwVlulVQR-Ea1Do7NwNs,"https://maps.google.com/?q=6800+SW+Wilsonville+Rd,+Wilsonville,+OR+97070,+USA&ftid=0x54956e59c1582ed7:0xdbc0cd8e0eb546f8",2022orwil,45.3069373,-122.7475375,6800 SW Wilsonville Rd,PNW District Wilsonville Event,,,,97070,Wilsonville,2022-03-10,OR,America/Los_Angeles,"[{'channel': 'firstinspires28', 'type': 'twitch'}]",https://ortop.org/,1.0,2022
"4319 Hulmeville Rd, Bensalem, PA 19020, USA",Bensalem,USA,"{'abbreviation': 'fma', 'display_name': 'FIRST Mid-Atlantic', 'key': '2022fma', 'year': 2022}",[],2022-04-03,paben,1,District,PABEN,,ChIJse2aPnJNwYkRwWovMrtDEB0,"https://maps.google.com/?q=4319+Hulmeville+Rd,+Bensalem,+PA+19020,+USA&ftid=0x89c14d723e9aedb1:0x1d1043bb322f6ac1",2022paben,40.1129884,-74.93202029999999,4319 Hulmeville Rd,FMA District Bensalem Event,,,,19020,Bensalem,2022-04-01,PA,America/New_York,[],https://midatlanticrobotics.com/,4.0,2022
"250 University Ave, California, PA 15419, USA",California,USA,,[],2022-03-19,paca,0,Regional,PACA,,ChIJRw1YQfsaNYgR6rDVs58EIJA,https://maps.google.com/?cid=10385305824679801066,2022paca,40.06439659999999,-79.8844522,California University of Pennsylvania,Greater Pittsburgh Regional,,,,15419,Greater Pittsburgh,2022-03-16,PA,America/New_York,"[{'channel': 'firstinspires1', 'type': 'twitch'}, {'channel': 'firstinspires2', 'type': 'twitch'}]",http://www.firstwcpa.org,2.0,2022
"899 Horsham Rd, Horsham, PA 19044, USA",Horsham,USA,"{'abbreviation': 'fma', 'display_name': 'FIRST Mid-Atlantic', 'key': '2022fma', 'year': 2022}",[],2022-03-06,pahat,1,District,PAHAT,,ChIJK2gVrHmlxokRlJz_0LNzBmQ,"https://maps.google.com/?q=899+Horsham+Rd,+Horsham,+PA+19044,+USA&ftid=0x89c6a579ac15682b:0x640673b3d0ff9c94",2022pahat,40.1975889,-75.1634761,899 Horsham Rd,FMA District Hatboro-Horsham Event,,,,19044,Hatboro-Horsham,2022-03-04,PA,America/New_York,"[{'channel': 'b552Rwjnqhk', 'date': '2022-03-05', 'type': 'youtube'}, {'channel': 'pWHi0hyCu58', 'date': '2022-03-06', 'type': 'youtube'}]",http://www.midatlanticrobotics.com/,0.0,2022
"500 W Willow Grove Ave, Philadelphia, PA 19118, USA",Philadelphia,USA,"{'abbreviation': 'fma', 'display_name': 'FIRST Mid-Atlantic', 'key': '2022fma', 'year': 2022}",[],2022-03-20,paphi,1,District,PAPHI,,ChIJbZ0zQgy5xokRaU4aB8mSY0A,"https://maps.google.com/?q=500+W+Willow+Grove+Ave,+Philadelphia,+PA+19118,+USA&ftid=0x89c6b90c42339d6d:0x406392c9071a4e69",2022paphi,40.0620379,-75.208978,500 W Willow Grove Ave,FMA District Springside Chestnut Hill Academy Event,,,,19118,Springside Chestnut Hill Academy,2022-03-18,PA,America/New_York,[],http://www.midatlanticrobotics.com/,2.0,2022
"526 5th St, Cheney, WA 99004, USA",Cheney,USA,"{'abbreviation': 'pnw', 'display_name': 'Pacific Northwest', 'key': '2022pnw', 'year': 2022}",[],2022-04-09,pncmp,2,District Championship,PNCMP,,ChIJ4z_DL6A4nlQRr2cmvozrjLU,https://maps.google.com/?cid=13082090007322585007,2022pncmp,47.49102829999999,-117.5862361,Eastern Washington University,Pacific Northwest FIRST District Championship,,,,99004,Pacific Northwest FIRST,2022-04-06,WA,America/Los_Angeles,"[{'channel': 'firstinspires28', 'type': 'twitch'}, {'channel': 'firstinspires29', 'type': 'twitch'}]",http://www.firstwa.org,5.0,2022
"Montreal, QC, Canada",Montreal,Canada,,[],2022-04-07,qcmo1,0,Regional,QCMO1,,ChIJDbdkHFQayUwR7-8fITgxTmU,"https://maps.google.com/?q=Montreal,+QC,+Canada&ftid=0x4cc91a541c64b70d:0x654e3138211fefef",2022qcmo1,45.5016889,-73.567256,Montreal,Festival de Robotique Regional Day 1,,0.0,,,Festival de Robotique Day 1,2022-04-07,QC,America/Toronto,"[{'channel': 'firstinspires3', 'type': 'twitch'}, {'channel': 'firstinspires4', 'type': 'twitch'}]",http://robotiquefirstquebec.org/festival/,5.0,2022
"Montreal, QC, Canada",Montreal,Canada,,[],2022-04-08,qcmo2,0,Regional,QCMO2,,ChIJDbdkHFQayUwR7-8fITgxTmU,"https://maps.google.com/?q=Montreal,+QC,+Canada&ftid=0x4cc91a541c64b70d:0x654e3138211fefef",2022qcmo2,45.5016889,-73.567256,Montreal,Festival de Robotique Regional Day 2,,0.0,,,Festival de Robotique Day 2,2022-04-08,QC,America/Toronto,"[{'channel': 'firstinspires3', 'type': 'twitch'}, {'channel': 'firstinspires4', 'type': 'twitch'}]",http://robotiquefirstquebec.org/festival/,5.0,2022
"Montreal, QC, Canada",Montreal,Canada,,[],2022-04-09,qcmo3,0,Regional,QCMO3,,ChIJDbdkHFQayUwR7-8fITgxTmU,"https://maps.google.com/?q=Montreal,+QC,+Canada&ftid=0x4cc91a541c64b70d:0x654e3138211fefef",2022qcmo3,45.5016889,-73.567256,Montreal,Festival de Robotique Regional Day 3,,0.0,,,Festival de Robotique Day 3,2022-04-09,QC,America/Toronto,"[{'channel': 'firstinspires3', 'type': 'twitch'}, {'channel': 'firstinspires4', 'type': 'twitch'}]",http://robotiquefirstquebec.org/festival/,5.0,2022
"3027 Martin Luther King Jr Blvd, Anderson, SC 29625, USA",Anderson,USA,,[],2022-03-12,scan,0,Regional,SCAN,,ChIJWRWlWsNuWIgRzb4qP9o2ysA,"https://maps.google.com/?q=3027+Martin+Luther+King+Jr+Blvd,+Anderson,+SC+29625,+USA&ftid=0x88586ec35aa51559:0xc0ca36da3f2abecd",2022scan,34.5376886,-82.6799022,3027 Martin Luther King Jr Blvd,Electric City Regional,,,,29625,Electric City,2022-03-09,SC,America/New_York,"[{'channel': 'firstinspires7', 'type': 'twitch'}, {'channel': 'firstinspires8', 'type': 'twitch'}]",https://www.firstsouthcarolina.org/first-robotics-competition,1.0,2022
"506 N Black River St, Sparta, WI 54656, USA",Sparta,USA,,[],2022-02-20,srrc,100,Preseason,,,ChIJBz--aa6Q_ocRo3yi6mOmr3o,https://maps.google.com/?cid=8840467541620063395,2022srrc,43.9490553,-90.82184459999999,Sparta High School,Seven Rivers Robotics Coalition Week Zero,,0.0,,54656,Seven Rivers Week Zero,2022-02-19,WI,America/Chicago,[],https://www.7rrc.org/,,2022
,New Taipei City,Chinese Taipei,,[],2022-03-06,tant,0,Regional,TANT,,,,2022tant,,,,New Taipei City x Hon Hai Regional,,,,,New Taipei City x Hon Hai,2022-03-03,NWT,Asia/Taipei,"[{'channel': 'firstinspires31', 'type': 'twitch'}, {'channel': 'firstinspires12', 'type': 'twitch'}, {'channel': 'esunrobot', 'type': 'twitch'}]",,0.0,2022
"1600 Phillip Fulmer Way #202, Knoxville, TN 37996, USA",Knoxville,USA,,[],2022-04-02,tnkn,0,Regional,TNKN,,ChIJQ1YvFuQXXIgRxtehbXsQ1Qk,https://maps.google.com/?cid=708490638687066054,2022tnkn,35.95117940000001,-83.9250359,Thompson-Boling Arena,Smoky Mountains Regional,,,,37996,Smoky Mountains,2022-03-30,TN,America/New_York,"[{'channel': 'firstinspires1', 'type': 'twitch'}, {'channel': 'firstinspires2', 'type': 'twitch'}]",https://www.tnfirst.org/,4.0,2022
"Huzur Mh., Maslak Ayazağa Cd. 4/A, 34396 Sarıyer/İstanbul, Turkey",İstanbul,Turkey,,[],2022-03-17,tuis,0,Regional,TUIS,,ChIJw_RSVs61yhQRbRJL031115M,https://maps.google.com/?cid=10653112626844471917,2022tuis,41.1087732,29.0077032,VOLKSWAGEN ARENA,Istanbul Regional,,,,34396,Istanbul,2022-03-14,İstanbul,Europe/Istanbul,"[{'channel': 'firstinspires30', 'type': 'twitch'}, {'channel': 'firstinspires32', 'type': 'twitch'}]",http://www.fikretyukselfoundation.org/,2.0,2022
"Huzur Mh., Maslak Ayazağa Cd. 4/A, 34396 Sarıyer/İstanbul, Turkey",İstanbul,Turkey,,[],2022-03-20,tuis2,0,Regional,TUIS2,,ChIJw_RSVs61yhQRbRJL031115M,https://maps.google.com/?cid=10653112626844471917,2022tuis2,41.1087732,29.0077032,VOLKSWAGEN ARENA,Bosphorus Regional,,,,34396,Bosphorus,2022-03-18,İstanbul,Europe/Istanbul,"[{'channel': 'firstinspires30', 'type': 'twitch'}, {'channel': 'firstinspires32', 'type': 'twitch'}]",http://www.fikretyukselfoundation.org/,2.0,2022
,Gaziemir,Turkey,,[],2022-03-06,tuis3,0,Regional,TUIS3,,,,2022tuis3,,,,Izmir Regional,,,,,Izmir,2022-03-03,35,,"[{'channel': 'firstinspires32', 'type': 'twitch'}]",http://frcturkey.org,0.0,2022
"401 S Buchanan St, Amarillo, TX 79101, USA",Amarillo,USA,"{'abbreviation': 'fit', 'display_name': 'FIRST In Texas', 'key': '2022fit', 'year': 2022}",[],2022-04-02,txama,1,District,TXAMA,,ChIJQfHvZONOAYcRfp7PgNMZQLk,"https://maps.google.com/?q=401+S+Buchanan+St,+Amarillo,+TX+79101,+USA&ftid=0x87014ee364eff141:0xb94019d380cf9e7e",2022txama,35.2077789,-101.8301967,401 S Buchanan St,FIT District Amarillo Event,,,,79101,Amarillo,2022-03-31,TX,America/Chicago,[],https://firstintexas.org/,4.0,2022
"9500 McNeil Dr, Austin, TX 78750, USA",Austin,USA,"{'abbreviation': 'fit', 'display_name': 'FIRST In Texas', 'key': '2022fit', 'year': 2022}",[],2022-03-19,txaus,1,District,TXAUS,,ChIJb0l_E50zW4YR9hGdHUpNrNU,https://maps.google.com/?cid=15396766206792634870,2022txaus,30.3982649,-97.82481039999999,Vandegrift High School,FIT District Austin Event,,,,78750,Austin,2022-03-17,TX,America/Chicago,[],https://firstintexas.org/,2.0,2022
"1100 Sheldon Rd, Channelview, TX 77530, USA",Channelview,USA,"{'abbreviation': 'fit', 'display_name': 'FIRST In Texas', 'key': '2022fit', 'year': 2022}",[],2022-03-13,txcha,1,District,TXCHA,,ChIJI2vRjcemQIYRkrZ4inQieIQ,"https://maps.google.com/?q=1100+Sheldon+Rd,+Channelview,+TX+77530,+USA&ftid=0x8640a6c78dd16b23:0x847822748a78b692",2022txcha,29.7953926,-95.122198,1100 Sheldon Rd,FIT District Channelview Event,,,,77530,Channelview,2022-03-11,TX,America/Chicago,[],https://firstintexas.org/,1.0,2022
"1001 Avenida De Las Americas, Houston, TX 77010, USA",Houston,USA,"{'abbreviation': 'fit', 'display_name': 'FIRST In Texas', 'key': '2022fit', 'year': 2022}",[],2022-04-09,txcmp,2,District Championship,TXCMP,,ChIJgw3vTiK_QIYRsMwBp668_Lo,"https://maps.google.com/?q=1001+Avenida+De+Las+Americas,+Houston,+TX+77010,+USA&ftid=0x8640bf224eef0d83:0xbafcbcaea701ccb0",2022txcmp,29.7520006,-95.3576434,1001 Avenida De Las Americas,FIRST In Texas District Championship,,,,77010,In Texas,2022-04-06,TX,America/Chicago,[],https://firstintexas.org/,5.0,2022
"940 US-290, Dripping Springs, TX 78620, USA",Dripping Springs,USA,"{'abbreviation': 'fit', 'display_name': 'FIRST In Texas', 'key': '2022fit', 'year': 2022}",[],2022-03-06,txdri,1,District,TXDRI,,ChIJaZj8p5pBW4YR1m8-AH0nFvY,https://maps.google.com/?cid=17732404000646393814,2022txdri,30.1968713,-98.1009382,Dripping Springs High School,FIT District Dripping Springs Event,,,,78620,Dripping Springs,2022-03-04,TX,America/Chicago,"[{'channel': 'firstintexasevents', 'type': 'twitch'}]",https://firstintexas.org/,0.0,2022
"4501 Bridge St, Fort Worth, TX 76103, USA",Fort Worth,USA,"{'abbreviation': 'fit', 'display_name': 'FIRST In Texas', 'key': '2022fit', 'year': 2022}",[],2022-03-19,txfor,1,District,TXFOR,,ChIJHxQC0Q16ToYR0CX4G9UU0AI,"https://maps.google.com/?q=4501+Bridge+St,+Fort+Worth,+TX+76103,+USA&ftid=0x864e7a0dd102141f:0x2d014d51bf825d0",2022txfor,32.7614096,-97.25669909999999,4501 Bridge St,FIT District Fort Worth Event,,,,76103,Fort Worth,2022-03-17,TX,America/Chicago,[],https://firstintexas.org/,2.0,2022
"500 West Las Colinas Boulevard, Irving, TX 75039, USA",Irving,USA,"{'abbreviation': 'fit', 'display_name': 'FIRST In Texas', 'key': '2022fit', 'year': 2022}",[],2022-03-26,txirv,1,District,TXIRV,,ChIJgS3ci5iCToYRuUZNGfcd4cc,"https://maps.google.com/?q=500+West+Las+Colinas+Boulevard,+Irving,+TX+75039,+USA&ftid=0x864e82988bdc2d81:0xc7e11df7194d46b9",2022txirv,32.8780797,-96.9432246,500 West Las Colinas Boulevard,FIT District Irving Event,,,,75039,Irving,2022-03-24,TX,America/Chicago,[],https://firstintexas.org/,3.0,2022
"8060 Spencer Hwy, Pasadena, TX 77505, USA",Pasadena,USA,"{'abbreviation': 'fit', 'display_name': 'FIRST In Texas', 'key': '2022fit', 'year': 2022}",[],2022-04-02,txpa2,1,District,TXPA2,,ChIJ-wKjQhCfQIYR3Azaoynx_0o,https://maps.google.com/?cid=5404303239012814044,2022txpa2,29.661672,-95.1148778,San Jacinto College: Central Campus,FIT District Pasadena Event #2,,,,77505,Pasadena #2,2022-03-31,TX,America/Chicago,[],https://firstintexas.org/,4.0,2022
"8060 Spencer Hwy, Pasadena, TX 77505, USA",Pasadena,USA,"{'abbreviation': 'fit', 'display_name': 'FIRST In Texas', 'key': '2022fit', 'year': 2022}",[],2022-03-26,txpas,1,District,TXPAS,,ChIJ-wKjQhCfQIYR3Azaoynx_0o,https://maps.google.com/?cid=5404303239012814044,2022txpas,29.661672,-95.1148778,San Jacinto College: Central Campus,FIT District Pasadena Event #1,,,,77505,Pasadena #1,2022-03-24,TX,America/Chicago,[],https://firstintexas.org/,3.0,2022
"4601 Bosque Blvd, Waco, TX 76710, USA",Waco,USA,"{'abbreviation': 'fit', 'display_name': 'FIRST In Texas', 'key': '2022fit', 'year': 2022}",[],2022-03-05,txwac,1,District,TXWAC,,ChIJRfOM-gyET4YRO1ZYhy4lJWQ,"https://maps.google.com/?q=4601+Bosque+Blvd,+Waco,+TX+76710,+USA&ftid=0x864f840cfa8cf345:0x6425252e8758563b",2022txwac,31.5381287,-97.1865188,4601 Bosque Blvd,FIT District Waco Event,,,,76710,Waco,2022-03-03,TX,America/Chicago,"[{'channel': 'firstintexasevents3', 'type': 'twitch'}]",https://firstintexas.org/,0.0,2022
"3200 Decker Lake Dr, West Valley City, UT 84119, USA",West Valley City,USA,,[],2022-04-09,utwv,0,Regional,UTWV,,ChIJHVPj3l-LUocRnUrVDqohQrw,"https://maps.google.com/?q=3200+Decker+Lake+Dr,+West+Valley+City,+UT+84119,+USA&ftid=0x87528b5fdee3531d:0xbc4221aa0ed54a9d",2022utwv,40.70270850000001,-111.9505724,3200 Decker Lake Dr,Utah Regional,,,,84119,Utah,2022-04-06,UT,America/Denver,"[{'channel': 'firstinspires15', 'type': 'twitch'}, {'channel': 'firstinspires16', 'type': 'twitch'}]",http://www.utfrc.utah.edu,5.0,2022
"Charlottesville, VA, USA",Charlottesville,USA,"{'abbreviation': 'chs', 'display_name': 'FIRST Chesapeake', 'key': '2022chs', 'year': 2022}",[],2022-03-05,va305,1,District,VA305,,ChIJ3cRJt0iGs4kRRliLzMIIUUA,https://maps.google.com/?cid=4634495124289312838,2022va305,38.0335529,-78.5079772,University of Virginia,CHS District Greater Richmond Event #1 Day 1,,,,,Greater Richmond #1 Day 1,2022-03-05,VA,America/New_York,"[{'channel': 'firstchesapeake', 'type': 'twitch'}]",https://www.firstchesapeake.org/,0.0,2022
"Charlottesville, VA, USA",Charlottesville,USA,"{'abbreviation': 'chs', 'display_name': 'FIRST Chesapeake', 'key': '2022chs', 'year': 2022}",[],2022-03-06,va306,1,District,VA306,,ChIJ3cRJt0iGs4kRRliLzMIIUUA,https://maps.google.com/?cid=4634495124289312838,2022va306,38.0335529,-78.5079772,University of Virginia,CHS District Greater Richmond Event #1 Day 2,,,,,Greater Richmond #1 Day 2,2022-03-06,VA,America/New_York,"[{'channel': 'firstchesapeake', 'type': 'twitch'}]",https://www.firstchesapeake.org/,0.0,2022
"Charlottesville, VA, USA",Charlottesville,USA,"{'abbreviation': 'chs', 'display_name': 'FIRST Chesapeake', 'key': '2022chs', 'year': 2022}",[],2022-03-19,va319,1,District,VA319,,ChIJ3cRJt0iGs4kRRliLzMIIUUA,https://maps.google.com/?cid=4634495124289312838,2022va319,38.0335529,-78.5079772,University of Virginia,CHS District Greater Richmond Event #2 Day 1,,,,,Greater Richmond #2 Day 1,2022-03-19,VA,America/New_York,[],https://www.firstchesapeake.org/,2.0,2022
"Charlottesville, VA, USA",Charlottesville,USA,"{'abbreviation': 'chs', 'display_name': 'FIRST Chesapeake', 'key': '2022chs', 'year': 2022}",[],2022-03-20,va320,1,District,VA320,,ChIJ3cRJt0iGs4kRRliLzMIIUUA,https://maps.google.com/?cid=4634495124289312838,2022va320,38.0335529,-78.5079772,University of Virginia,CHS District Greater Richmond Event #2 Day 2,,,,,Greater Richmond #2 Day 2,2022-03-20,VA,America/New_York,[],https://www.firstchesapeake.org/,2.0,2022
"711 E Main St, Auburn, WA 98002, USA",Auburn,USA,"{'abbreviation': 'pnw', 'display_name': 'Pacific Northwest', 'key': '2022pnw', 'year': 2022}",[],2022-03-27,waahs,1,District,WAAHS,,ChIJo0EYp3xYkFQRhcgd9HQrEko,https://maps.google.com/?cid=5337376289699252357,2022waahs,47.3086637,-122.2199762,Auburn High School,PNW District Auburn Event,,,,98002,Auburn,2022-03-25,WA,America/Los_Angeles,"[{'channel': 'firstinspires29', 'type': 'twitch'}]",http://www.firstwa.org,3.0,2022
"10920 199th Ave Ct E, Bonney Lake, WA 98391, USA",Bonney Lake,USA,"{'abbreviation': 'pnw', 'display_name': 'Pacific Northwest', 'key': '2022pnw', 'year': 2022}",[],2022-04-03,wabon,1,District,WABON,,ChIJfU3qX9_6kFQR1QMqEr9wwYQ,"https://maps.google.com/?q=10920+199th+Ave+Ct+E,+Bonney+Lake,+WA+98391,+USA&ftid=0x5490fadf5fea4d7d:0x84c170bf122a03d5",2022wabon,47.1594537,-122.1689707,10920 199th Ave Ct E,PNW District Bonney Lake Event,,,,98391,Bonney Lake,2022-04-01,WA,America/Los_Angeles,"[{'channel': 'firstinspires29', 'type': 'twitch'}]",http://www.firstwa.org,4.0,2022
"100 140th Ave SE, Bellevue, WA 98005, USA",Bellevue,USA,"{'abbreviation': 'pnw', 'display_name': 'Pacific Northwest', 'key': '2022pnw', 'year': 2022}",[],2022-03-20,wasam,1,District,WASAM,,ChIJK6TmhkhskFQRc_wHHFhZhPY,"https://maps.google.com/?q=100+140th+Ave+SE,+Bellevue,+WA+98005,+USA&ftid=0x54906c4886e6a42b:0xf68459581c07fc73",2022wasam,47.6075876,-122.1521427,100 140th Ave SE,PNW District Sammamish Event,,,,98005,Sammamish,2022-03-18,WA,America/Los_Angeles,"[{'channel': 'firstinspires29', 'type': 'twitch'}]",,2.0,2022
"7401 144th Pl SE, Snohomish, WA 98296, USA",Snohomish,USA,"{'abbreviation': 'pnw', 'display_name': 'Pacific Northwest', 'key': '2022pnw', 'year': 2022}",[],2022-03-06,wasno,1,District,WASNO,,ChIJERpkO8QHkFQRBFpv9Iy3wmk,"https://maps.google.com/?q=7401+144th+Pl+SE,+Snohomish,+WA+98296,+USA&ftid=0x549007c43b641a11:0x69c2b78cf46f5a04",2022wasno,47.8679783,-122.1332964,7401 144th Pl SE,PNW District Glacier Peak Event,,,,98296,Glacier Peak,2022-03-04,WA,America/Los_Angeles,"[{'channel': 'firstinspires29', 'type': 'twitch'}, {'channel': 'firstwa_blue1', 'type': 'twitch'}, {'channel': 'firstwa_blue2', 'type': 'twitch'}]",http://www.firstwa.org/,0.0,2022
"8301 E Buckeye Ave, Spokane Valley, WA 99212, USA",Spokane Valley,USA,"{'abbreviation': 'pnw', 'display_name': 'Pacific Northwest', 'key': '2022pnw', 'year': 2022}",[],2022-04-02,waspo,1,District,WASPO,,ChIJxa5iI5sfnlQRPUoak1o-Px4,"https://maps.google.com/?q=8301+E+Buckeye+Ave,+Spokane+Valley,+WA+99212,+USA&ftid=0x549e1f9b2362aec5:0x1e3f3e5a931a4a3d",2022waspo,47.6834031,-117.292742,8301 E Buckeye Ave,PNW District West Valley Event,,,,99212,West Valley,2022-03-31,WA,America/Los_Angeles,"[{'channel': 'firstinspires28', 'type': 'twitch'}]",http://www.firstwa.org,4.0,2022
"Modern Living Building, 1301 S Fair Ave, Yakima, WA 98901, USA",Yakima,USA,"{'abbreviation': 'pnw', 'display_name': 'Pacific Northwest', 'key': '2022pnw', 'year': 2022}",[],2022-03-19,wayak,1,District,WAYAK,,ChIJq_nzv8nXmVQRKPZPxoow2kY,https://maps.google.com/?q=Modern+Living+Building&ftid=0x5499d7c9bff3f9ab:0x46da308ac64ff628,2022wayak,46.5871659,-120.4875881,Modern Living Building,PNW District SunDome Event,,,,98901,SunDome,2022-03-17,WA,America/Los_Angeles,"[{'channel': 'firstinspires28', 'type': 'twitch'}]",http://www.firstwa.org/,2.0,2022
"47 Nashua Rd, Bedford, NH 03110, USA",Bedford,USA,,[],2022-02-20,week0,100,Preseason,WEEK0,,ChIJIfxkIbdL4okR5Y85aw5vbJE,https://maps.google.com/?cid=10478872540703461349,2022week0,42.9372265,-71.51953639999999,Bedford High School,Week 0,,0.0,,03110,Week 0,2022-02-18,NH,America/New_York,"[{'channel': 'firstinspires', 'type': 'twitch'}]",https://sites.google.com/view/redstorm509/events/week-zero?authuser=0,,2022
"300 Harborview Plaza, La Crosse, WI 54601, USA",La Crosse,USA,,[],2022-04-02,wila,0,Regional,WILA,,ChIJYUJP46VV-YcRSS3fU11juoo,https://maps.google.com/?cid=9996411575392480585,2022wila,43.8118242,-91.2555227,La Crosse Center,Seven Rivers Regional,,,,54601,Seven Rivers,2022-03-30,WI,America/Chicago,"[{'channel': 'firstinspires5', 'type': 'twitch'}, {'channel': 'firstinspires6', 'type': 'twitch'}]",https://www.firstinspireswi.org/first-robotics-competition,4.0,2022
"400 W Kilbourn Ave, Milwaukee, WI 53203, USA",Milwaukee,USA,,[],2022-03-26,wimi,0,Regional,WIMI,,ChIJSzHgSXQZBYgRKYbhjhMz924,"https://maps.google.com/?q=400+W+Kilbourn+Ave,+Milwaukee,+WI+53203,+USA&ftid=0x8805197449e0314b:0x6ef733138ee18629",2022wimi,43.0423325,-87.91708539999999,400 W Kilbourn Ave,Wisconsin Regional,,,,53203,Wisconsin,2022-03-23,WI,America/Chicago,"[{'channel': 'firstinspires5', 'type': 'twitch'}, {'channel': 'firstinspires6', 'type': 'twitch'}]",https://www.firstinspireswi.org/first-robotics-competition,3.0,2022
"11 Wall St, New York, NY 10005, USA",New York,USA,,[],2022-03-27,zhha,0,Regional,ZHHA,,ChIJodiAGRZawokRHXCBqdWXV54,https://maps.google.com/?cid=11409755124894101533,2022zhha,40.706877,-74.0112654,New York Stock Exchange,Hangzhou Regional,,,,10005,Hangzhou,2022-03-24,NY,America/New_York,"[{'channel': 'firstinspires30', 'type': 'twitch'}, {'channel': 'firstinspires32', 'type': 'twitch'}]",,3.0,2022
